jumlah_materi_diselesaikan,kecepatan_menyelesaikan_materi,frekuensi_belajar_mingguan,durasi_belajar,pengulangan_materi,durasi_submission,rating_submission,nilai_kuis,waktu_pengerjaan_kuis,Label
3,1.0,5,109,3,346,3,83,15,Consistent Learner
5,1.0,6,104,2,247,1,82,18,Consistent Learner
4,1.0,7,94,2,288,3,85,16,Consistent Learner
4,1.0,7,114,2,295,1,85,16,Consistent Learner
4,1.0,5,67,3,336,1,82,15,Consistent Learner
5,1.0,6,116,2,255,1,79,20,Consistent Learner
3,1.0,6,111,3,292,2,81,20,Consistent Learner
5,1.0,5,90,2,258,2,79,19,Consistent Learner
3,1.0,5,104,3,335,2,81,15,Consistent Learner
3,1.0,5,91,3,316,1,83,17,Consistent Learner
4,1.0,7,76,2,300,1,79,20,Consistent Learner
5,1.0,7,108,2,287,3,80,18,Consistent Learner
5,1.0,7,75,3,258,3,75,15,Consistent Learner
5,1.0,7,79,2,351,3,83,15,Consistent Learner
5,1.0,7,91,2,318,1,80,16,Consistent Learner
5,1.0,5,111,3,278,3,80,20,Consistent Learner
4,1.0,7,83,2,290,3,80,16,Consistent Learner
3,1.0,5,90,2,327,2,77,20,Consistent Learner
5,1.0,6,62,2,327,1,81,19,Consistent Learner
4,1.0,6,67,2,295,3,83,20,Consistent Learner
4,1.0,6,63,3,276,2,78,19,Consistent Learner
4,1.0,5,64,3,319,1,76,16,Consistent Learner
3,1.0,5,112,2,319,1,79,19,Consistent Learner
5,1.0,7,111,2,312,2,77,16,Consistent Learner
5,1.0,5,110,3,248,1,79,16,Consistent Learner
4,1.0,5,63,2,297,1,81,16,Consistent Learner
4,1.0,7,64,2,314,2,76,15,Consistent Learner
5,1.0,5,77,2,354,3,83,15,Consistent Learner
4,1.0,7,94,2,303,1,77,16,Consistent Learner
4,1.0,7,80,3,281,2,84,15,Consistent Learner
4,1.0,6,89,2,307,3,83,17,Consistent Learner
3,1.0,5,70,2,261,3,77,15,Consistent Learner
3,1.0,5,104,3,250,3,81,15,Consistent Learner
4,1.0,5,79,2,322,1,76,20,Consistent Learner
5,1.0,6,64,3,359,3,76,15,Consistent Learner
3,1.0,5,105,2,342,3,85,15,Consistent Learner
5,1.0,6,115,2,310,1,83,15,Consistent Learner
5,1.0,5,60,2,244,2,76,15,Consistent Learner
3,1.0,6,86,3,359,2,78,18,Consistent Learner
4,1.0,5,110,3,294,2,77,19,Consistent Learner
3,1.0,7,103,2,275,1,79,19,Consistent Learner
5,1.0,5,112,2,347,3,78,18,Consistent Learner
5,1.0,5,85,2,330,3,78,15,Consistent Learner
4,1.0,5,82,3,330,2,80,19,Consistent Learner
3,1.0,7,103,2,273,3,77,15,Consistent Learner
5,1.0,5,69,3,360,2,84,18,Consistent Learner
4,1.0,6,74,3,294,3,83,17,Consistent Learner
5,1.0,6,96,3,304,2,83,20,Consistent Learner
5,1.0,6,100,2,330,2,76,16,Consistent Learner
5,1.0,7,67,2,319,1,82,18,Consistent Learner
5,1.0,7,91,2,260,2,84,17,Consistent Learner
3,1.0,6,82,3,276,1,76,18,Consistent Learner
4,1.0,7,90,3,283,1,83,20,Consistent Learner
4,1.0,5,118,3,354,1,78,19,Consistent Learner
4,1.0,7,64,2,326,3,83,17,Consistent Learner
3,1.0,6,120,2,284,1,80,17,Consistent Learner
4,1.0,7,87,3,328,3,83,19,Consistent Learner
3,1.0,7,107,3,329,3,76,17,Consistent Learner
5,1.0,7,85,3,287,1,79,16,Consistent Learner
5,1.0,7,78,3,288,2,78,17,Consistent Learner
5,1.0,6,107,2,348,2,77,15,Consistent Learner
5,1.0,5,101,2,307,2,78,16,Consistent Learner
4,1.0,6,68,2,258,3,79,17,Consistent Learner
5,1.0,5,103,3,327,2,76,19,Consistent Learner
4,1.0,7,105,3,311,2,82,19,Consistent Learner
3,1.0,5,83,2,301,2,81,16,Consistent Learner
5,1.0,5,116,3,327,3,84,17,Consistent Learner
4,1.0,5,99,3,349,2,82,15,Consistent Learner
3,1.0,6,80,3,279,2,76,19,Consistent Learner
4,1.0,6,60,3,290,3,75,16,Consistent Learner
5,1.0,7,101,2,262,3,79,19,Consistent Learner
3,1.0,6,72,2,318,3,80,20,Consistent Learner
4,1.0,5,106,3,288,3,77,19,Consistent Learner
3,1.0,5,92,3,281,2,83,16,Consistent Learner
5,1.0,5,88,2,324,3,81,20,Consistent Learner
4,1.0,6,69,2,289,1,83,19,Consistent Learner
3,1.0,7,103,3,296,1,76,18,Consistent Learner
3,1.0,6,70,3,293,2,83,20,Consistent Learner
4,1.0,7,85,2,271,3,77,20,Consistent Learner
5,1.0,5,111,3,255,2,79,15,Consistent Learner
5,1.0,5,116,2,340,2,79,20,Consistent Learner
4,1.0,7,120,2,251,2,84,19,Consistent Learner
3,1.0,5,118,3,279,1,78,16,Consistent Learner
5,1.0,5,93,2,320,2,77,16,Consistent Learner
4,1.0,6,72,3,255,2,78,19,Consistent Learner
5,1.0,7,111,2,319,2,78,16,Consistent Learner
3,1.0,7,108,3,328,2,76,17,Consistent Learner
3,1.0,5,120,2,320,1,76,19,Consistent Learner
5,1.0,7,99,3,276,3,77,18,Consistent Learner
5,1.0,7,68,2,242,2,80,20,Consistent Learner
4,1.0,7,90,3,347,1,78,15,Consistent Learner
5,1.0,7,87,2,279,2,79,16,Consistent Learner
5,1.0,5,111,2,337,2,82,20,Consistent Learner
4,1.0,7,83,2,263,1,77,18,Consistent Learner
5,1.0,5,80,3,259,1,85,16,Consistent Learner
3,1.0,7,64,2,334,1,83,16,Consistent Learner
3,1.0,6,110,3,353,2,76,17,Consistent Learner
5,1.0,7,106,3,344,3,78,18,Consistent Learner
4,1.0,6,62,3,330,3,77,16,Consistent Learner
3,1.0,6,86,3,269,2,78,18,Consistent Learner
5,1.0,6,89,2,350,3,79,17,Consistent Learner
3,1.0,7,88,3,320,1,76,18,Consistent Learner
5,1.0,7,116,3,260,3,75,15,Consistent Learner
3,1.0,5,69,2,255,2,79,18,Consistent Learner
5,1.0,7,78,2,345,3,82,20,Consistent Learner
5,1.0,6,71,3,273,3,78,15,Consistent Learner
5,1.0,5,74,2,332,2,84,16,Consistent Learner
4,1.0,6,115,3,256,1,79,19,Consistent Learner
4,1.0,7,117,2,273,2,84,18,Consistent Learner
5,1.0,7,62,2,274,3,77,19,Consistent Learner
3,1.0,7,98,3,274,3,80,18,Consistent Learner
5,1.0,6,74,2,321,3,83,19,Consistent Learner
4,1.0,7,71,3,350,1,75,18,Consistent Learner
4,1.0,6,77,3,350,2,85,15,Consistent Learner
4,1.0,7,71,2,329,1,79,19,Consistent Learner
4,1.0,6,89,2,264,3,80,17,Consistent Learner
3,1.0,5,120,3,356,3,81,15,Consistent Learner
3,1.0,5,95,3,305,1,82,17,Consistent Learner
3,1.0,5,104,2,306,2,75,17,Consistent Learner
3,1.0,5,90,3,324,3,84,15,Consistent Learner
4,1.0,6,60,2,333,3,81,20,Consistent Learner
5,1.0,6,65,2,355,2,85,16,Consistent Learner
4,1.0,5,76,3,310,1,80,16,Consistent Learner
4,1.0,6,74,2,313,3,81,17,Consistent Learner
5,1.0,6,111,3,330,3,79,19,Consistent Learner
4,1.0,5,111,3,270,2,84,19,Consistent Learner
3,1.0,6,112,3,277,3,84,19,Consistent Learner
5,1.0,6,98,3,315,1,84,16,Consistent Learner
4,1.0,6,93,2,247,2,80,20,Consistent Learner
4,1.0,6,99,2,278,1,83,19,Consistent Learner
4,1.0,7,84,3,326,3,78,17,Consistent Learner
4,1.0,5,100,3,358,3,80,18,Consistent Learner
3,1.0,6,108,2,302,3,83,15,Consistent Learner
4,1.0,6,106,3,288,2,75,19,Consistent Learner
5,1.0,5,97,2,293,1,82,20,Consistent Learner
3,1.0,7,63,3,322,1,75,17,Consistent Learner
4,1.0,5,104,2,305,2,81,18,Consistent Learner
3,1.0,5,82,3,242,3,80,17,Consistent Learner
4,1.0,7,105,2,305,1,80,15,Consistent Learner
4,1.0,7,92,2,288,3,80,18,Consistent Learner
5,1.0,7,113,3,324,1,80,19,Consistent Learner
3,1.0,7,80,2,345,2,79,20,Consistent Learner
3,1.0,7,116,2,356,1,79,20,Consistent Learner
4,1.0,6,111,3,313,2,81,17,Consistent Learner
5,1.0,7,80,2,283,2,83,20,Consistent Learner
5,1.0,5,89,2,293,1,81,18,Consistent Learner
3,1.0,6,92,2,261,2,82,18,Consistent Learner
3,1.0,6,106,3,353,3,84,18,Consistent Learner
5,1.0,7,102,3,342,3,85,20,Consistent Learner
3,1.0,7,111,3,343,1,76,19,Consistent Learner
5,1.0,6,82,2,279,3,82,15,Consistent Learner
3,1.0,6,90,2,278,3,77,15,Consistent Learner
5,1.0,5,86,2,343,3,77,17,Consistent Learner
3,1.0,7,115,3,305,2,83,18,Consistent Learner
4,1.0,6,78,2,325,3,75,19,Consistent Learner
4,1.0,6,95,2,299,2,84,17,Consistent Learner
3,1.0,7,67,3,293,1,83,18,Consistent Learner
4,1.0,6,111,3,316,1,85,20,Consistent Learner
4,1.0,5,83,3,338,3,82,17,Consistent Learner
5,1.0,5,80,2,280,1,84,17,Consistent Learner
5,1.0,5,95,3,337,2,76,18,Consistent Learner
4,1.0,7,90,3,269,3,84,17,Consistent Learner
4,1.0,5,111,2,288,1,76,20,Consistent Learner
4,1.0,5,92,3,350,2,78,20,Consistent Learner
4,1.0,6,91,3,355,1,76,18,Consistent Learner
5,1.0,7,66,2,351,2,79,17,Consistent Learner
3,1.0,6,61,3,278,1,83,18,Consistent Learner
3,1.0,7,84,3,342,3,77,16,Consistent Learner
4,1.0,7,120,3,353,1,84,17,Consistent Learner
3,1.0,5,115,3,358,3,81,16,Consistent Learner
3,1.0,7,98,3,242,3,81,15,Consistent Learner
3,1.0,6,98,3,330,3,85,15,Consistent Learner
5,1.0,6,83,2,360,3,79,18,Consistent Learner
5,1.0,5,70,3,332,1,78,15,Consistent Learner
5,1.0,6,60,3,268,3,85,18,Consistent Learner
4,1.0,7,80,3,332,2,81,17,Consistent Learner
5,1.0,6,79,2,252,3,81,17,Consistent Learner
3,1.0,5,71,2,298,3,78,19,Consistent Learner
5,1.0,6,75,3,315,2,77,18,Consistent Learner
4,1.0,7,61,3,295,2,76,19,Consistent Learner
5,1.0,7,97,3,324,1,77,19,Consistent Learner
3,1.0,5,116,2,269,1,77,15,Consistent Learner
4,1.0,7,102,2,313,2,83,16,Consistent Learner
5,1.0,7,87,3,318,3,75,18,Consistent Learner
4,1.0,5,85,2,316,2,81,20,Consistent Learner
4,1.0,7,78,3,275,2,85,15,Consistent Learner
3,1.0,6,68,2,276,1,83,15,Consistent Learner
4,1.0,6,96,2,271,2,79,20,Consistent Learner
3,1.0,6,94,3,295,2,75,20,Consistent Learner
3,1.0,7,60,2,310,3,84,16,Consistent Learner
5,1.0,7,85,3,283,3,75,17,Consistent Learner
4,1.0,7,76,3,289,2,82,18,Consistent Learner
4,1.0,7,70,3,274,3,82,16,Consistent Learner
4,1.0,7,102,2,266,2,77,16,Consistent Learner
5,1.0,5,92,2,319,3,83,17,Consistent Learner
3,1.0,5,98,3,338,2,76,18,Consistent Learner
4,1.0,7,103,2,275,1,77,16,Consistent Learner
3,1.0,6,119,2,344,2,83,17,Consistent Learner
4,1.0,5,108,2,309,1,85,16,Consistent Learner
5,1.0,5,97,3,260,1,77,19,Consistent Learner
4,1.0,6,113,2,284,3,85,15,Consistent Learner
5,1.0,6,89,2,240,3,85,16,Consistent Learner
4,1.0,5,120,3,244,1,83,16,Consistent Learner
5,1.0,5,106,2,280,3,76,20,Consistent Learner
4,1.0,5,99,3,294,1,78,20,Consistent Learner
3,1.0,6,115,3,336,1,82,18,Consistent Learner
5,1.0,5,91,3,256,3,85,15,Consistent Learner
5,1.0,6,103,3,341,1,83,19,Consistent Learner
3,1.0,6,77,2,268,3,79,17,Consistent Learner
5,1.0,6,118,2,256,3,77,20,Consistent Learner
3,1.0,7,98,2,324,1,85,17,Consistent Learner
5,1.0,6,107,2,333,1,78,20,Consistent Learner
5,1.0,7,88,3,313,3,78,19,Consistent Learner
4,1.0,7,112,3,254,2,85,16,Consistent Learner
5,1.0,7,64,3,253,2,81,19,Consistent Learner
3,1.0,7,66,3,287,2,77,16,Consistent Learner
3,1.0,6,90,3,294,2,75,17,Consistent Learner
3,1.0,6,104,2,360,3,79,16,Consistent Learner
4,1.0,5,109,2,274,2,85,19,Consistent Learner
5,1.0,6,86,3,263,1,79,16,Consistent Learner
3,1.0,5,99,2,354,2,82,18,Consistent Learner
4,1.0,7,93,3,258,3,77,18,Consistent Learner
5,1.0,7,118,3,243,1,83,19,Consistent Learner
3,1.0,5,99,3,291,2,83,20,Consistent Learner
5,1.0,7,85,3,288,3,81,15,Consistent Learner
3,1.0,5,119,3,314,2,83,20,Consistent Learner
5,1.0,7,66,3,346,1,81,15,Consistent Learner
4,1.0,5,120,3,352,1,79,18,Consistent Learner
4,1.0,6,69,2,275,2,83,17,Consistent Learner
3,1.0,6,77,2,358,2,84,18,Consistent Learner
4,1.0,7,110,3,316,3,84,19,Consistent Learner
5,1.0,6,104,3,248,2,77,20,Consistent Learner
3,1.0,7,119,3,353,3,82,17,Consistent Learner
5,1.0,7,105,3,256,1,75,20,Consistent Learner
4,1.0,5,98,3,311,2,81,16,Consistent Learner
5,1.0,7,81,3,335,1,81,16,Consistent Learner
4,1.0,7,60,3,270,2,78,17,Consistent Learner
4,1.0,6,67,2,272,1,85,18,Consistent Learner
3,1.0,7,78,2,297,2,84,19,Consistent Learner
4,1.0,7,62,2,347,2,75,19,Consistent Learner
3,1.0,7,90,2,267,1,77,16,Consistent Learner
4,1.0,7,107,3,320,1,77,16,Consistent Learner
3,1.0,6,118,2,294,2,84,20,Consistent Learner
4,1.0,5,89,2,253,3,80,17,Consistent Learner
4,1.0,7,113,2,326,1,83,16,Consistent Learner
3,1.0,6,120,3,340,2,83,20,Consistent Learner
5,1.0,6,112,3,309,1,83,17,Consistent Learner
4,1.0,5,88,2,261,3,75,20,Consistent Learner
5,1.0,5,79,3,258,2,76,20,Consistent Learner
3,1.0,5,119,3,291,3,79,20,Consistent Learner
3,1.0,7,74,3,301,1,78,18,Consistent Learner
4,1.0,5,85,3,306,1,83,19,Consistent Learner
3,1.0,5,64,3,269,2,76,20,Consistent Learner
3,1.0,7,108,2,300,2,79,16,Consistent Learner
4,1.0,6,99,3,275,3,77,15,Consistent Learner
3,1.0,6,65,2,323,3,77,16,Consistent Learner
5,1.0,7,73,2,336,3,76,18,Consistent Learner
3,1.0,6,93,3,318,2,77,18,Consistent Learner
3,1.0,5,92,3,240,2,81,15,Consistent Learner
4,1.0,7,108,3,360,2,79,18,Consistent Learner
5,1.0,5,76,2,242,1,79,16,Consistent Learner
3,1.0,6,116,2,360,2,80,18,Consistent Learner
3,1.0,7,87,2,243,2,83,18,Consistent Learner
5,1.0,7,110,3,302,1,84,18,Consistent Learner
5,1.0,6,74,3,252,1,80,17,Consistent Learner
4,1.0,7,62,3,251,2,82,17,Consistent Learner
4,1.0,6,63,3,322,2,83,19,Consistent Learner
4,1.0,6,82,2,328,3,82,19,Consistent Learner
4,1.0,5,118,2,254,2,76,19,Consistent Learner
4,1.0,6,62,2,358,3,85,17,Consistent Learner
3,1.0,6,82,2,278,2,76,17,Consistent Learner
3,1.0,7,66,2,278,1,79,16,Consistent Learner
3,1.0,5,116,2,275,1,82,18,Consistent Learner
5,1.0,7,101,2,295,3,79,15,Consistent Learner
4,1.0,7,106,3,261,2,77,17,Consistent Learner
4,1.0,7,103,2,291,1,85,16,Consistent Learner
4,1.0,6,100,2,265,2,75,18,Consistent Learner
5,1.0,5,107,2,246,3,77,20,Consistent Learner
3,1.0,5,60,2,284,2,85,20,Consistent Learner
3,1.0,7,112,3,321,1,83,17,Consistent Learner
3,1.0,7,105,2,332,1,75,15,Consistent Learner
4,1.0,6,105,2,282,3,83,16,Consistent Learner
5,1.0,5,83,2,279,3,85,15,Consistent Learner
4,1.0,5,108,3,335,3,76,19,Consistent Learner
4,1.0,6,83,3,322,3,79,20,Consistent Learner
5,1.0,6,62,2,340,1,80,18,Consistent Learner
3,1.0,5,115,2,349,1,76,16,Consistent Learner
4,1.0,7,74,2,339,1,77,15,Consistent Learner
4,1.0,6,66,2,353,1,76,20,Consistent Learner
4,1.0,5,97,3,290,3,77,16,Consistent Learner
5,1.0,5,74,3,287,3,79,15,Consistent Learner
3,1.0,6,112,3,278,1,80,16,Consistent Learner
5,1.0,7,87,2,268,3,77,16,Consistent Learner
3,1.0,7,60,2,330,2,78,18,Consistent Learner
4,1.0,6,118,2,326,1,77,20,Consistent Learner
4,1.0,5,91,2,336,3,83,16,Consistent Learner
5,1.0,7,76,3,260,3,77,19,Consistent Learner
4,1.0,6,101,2,299,2,84,15,Consistent Learner
3,1.0,5,92,2,266,3,80,15,Consistent Learner
3,1.0,6,61,3,348,2,83,15,Consistent Learner
4,1.0,5,106,2,272,3,82,20,Consistent Learner
5,1.0,5,84,2,257,2,77,18,Consistent Learner
3,1.0,6,102,2,308,3,81,19,Consistent Learner
5,1.0,7,114,2,346,1,78,15,Consistent Learner
4,1.0,7,97,2,350,1,76,15,Consistent Learner
3,1.0,7,100,2,251,3,77,20,Consistent Learner
3,1.0,6,75,2,279,1,78,15,Consistent Learner
4,1.0,5,74,2,258,1,76,15,Consistent Learner
3,1.0,6,85,2,277,3,75,18,Consistent Learner
3,1.0,7,112,3,304,1,85,18,Consistent Learner
4,1.0,5,91,2,273,2,80,16,Consistent Learner
5,1.0,7,81,3,248,1,79,17,Consistent Learner
3,1.0,7,107,3,301,1,85,19,Consistent Learner
3,1.0,5,112,2,246,3,77,17,Consistent Learner
3,1.0,7,115,3,267,1,79,17,Consistent Learner
4,1.0,7,78,2,240,1,84,15,Consistent Learner
5,1.0,5,103,2,250,3,81,17,Consistent Learner
5,1.0,5,96,2,292,3,79,19,Consistent Learner
5,1.0,6,87,2,342,1,77,18,Consistent Learner
5,1.0,7,84,2,333,3,75,20,Consistent Learner
3,1.0,5,66,2,251,2,75,15,Consistent Learner
3,1.0,6,76,3,244,3,76,15,Consistent Learner
4,1.0,5,93,2,280,1,83,18,Consistent Learner
5,1.0,6,114,3,318,3,82,16,Consistent Learner
5,1.0,6,112,3,330,2,79,18,Consistent Learner
3,1.0,5,71,3,339,3,83,20,Consistent Learner
3,1.0,7,101,2,281,2,76,17,Consistent Learner
3,1.0,7,65,3,260,3,77,18,Consistent Learner
3,1.0,7,101,3,243,2,79,19,Consistent Learner
4,1.0,5,80,3,257,1,85,15,Consistent Learner
4,1.0,5,87,2,247,3,81,20,Consistent Learner
4,1.0,5,103,3,344,3,84,16,Consistent Learner
3,1.0,6,85,3,272,1,77,19,Consistent Learner
5,1.0,5,109,2,339,2,84,18,Consistent Learner
4,1.0,7,92,2,306,2,75,15,Consistent Learner
5,1.0,7,120,2,305,2,77,19,Consistent Learner
5,1.0,7,98,3,295,3,80,16,Consistent Learner
3,1.0,5,78,2,339,3,75,18,Consistent Learner
3,1.0,5,107,2,245,1,84,20,Consistent Learner
5,1.0,7,84,3,251,3,84,20,Consistent Learner
4,1.0,5,92,2,291,2,80,20,Consistent Learner
3,1.0,6,68,2,287,3,78,17,Consistent Learner
4,1.0,7,67,3,306,3,76,18,Consistent Learner
4,1.0,5,95,3,329,2,81,16,Consistent Learner
5,1.0,5,71,3,311,2,80,20,Consistent Learner
3,1.0,5,120,3,271,2,83,17,Consistent Learner
5,1.0,5,112,2,279,3,81,19,Consistent Learner
5,1.0,5,102,3,331,2,76,17,Consistent Learner
3,1.0,7,104,3,264,1,76,19,Consistent Learner
3,1.0,6,96,2,301,2,83,16,Consistent Learner
4,1.0,7,63,2,305,1,76,19,Consistent Learner
3,1.0,7,83,2,330,2,85,15,Consistent Learner
3,1.0,7,90,2,326,1,76,15,Consistent Learner
4,1.0,5,115,2,296,1,83,17,Consistent Learner
5,1.0,5,73,2,277,3,85,17,Consistent Learner
5,1.0,7,90,3,284,1,79,19,Consistent Learner
3,1.0,5,80,2,289,2,75,17,Consistent Learner
5,1.0,5,68,3,266,3,84,15,Consistent Learner
3,1.0,7,66,3,315,3,77,16,Consistent Learner
5,1.0,7,82,3,265,2,80,17,Consistent Learner
5,1.0,7,65,3,318,1,85,18,Consistent Learner
5,1.0,7,64,2,330,3,83,18,Consistent Learner
3,1.0,5,81,3,356,3,75,16,Consistent Learner
5,1.0,7,72,2,254,2,84,18,Consistent Learner
3,1.0,7,93,3,331,1,76,18,Consistent Learner
4,1.0,7,61,2,250,1,83,19,Consistent Learner
4,1.0,7,78,2,280,1,81,18,Consistent Learner
3,1.0,7,87,3,261,1,78,19,Consistent Learner
3,1.0,6,118,2,259,3,79,16,Consistent Learner
5,1.0,5,98,3,261,1,76,19,Consistent Learner
4,1.0,6,113,2,245,1,85,15,Consistent Learner
4,1.0,5,80,2,339,3,77,15,Consistent Learner
4,1.0,5,87,3,247,3,78,20,Consistent Learner
4,1.0,5,85,3,288,1,80,17,Consistent Learner
5,1.0,7,114,2,324,2,82,18,Consistent Learner
3,1.0,6,118,2,359,2,80,18,Consistent Learner
5,1.0,6,118,2,343,2,80,19,Consistent Learner
5,1.0,7,105,3,256,3,81,16,Consistent Learner
4,1.0,6,90,3,359,3,84,16,Consistent Learner
3,1.0,6,92,2,319,3,79,15,Consistent Learner
3,1.0,5,119,2,261,1,84,20,Consistent Learner
5,1.0,7,77,2,294,1,83,16,Consistent Learner
5,1.0,6,81,2,351,2,85,18,Consistent Learner
3,1.0,5,114,3,287,1,85,17,Consistent Learner
3,1.0,7,83,3,262,2,83,15,Consistent Learner
3,1.0,7,74,2,345,1,77,17,Consistent Learner
3,1.0,5,94,3,355,3,83,15,Consistent Learner
5,1.0,5,79,2,358,1,83,16,Consistent Learner
5,1.0,5,114,2,355,1,78,15,Consistent Learner
3,1.0,5,115,2,345,1,82,19,Consistent Learner
5,1.0,5,78,2,294,1,77,18,Consistent Learner
3,1.0,7,92,2,263,2,80,20,Consistent Learner
4,1.0,6,120,3,314,2,83,17,Consistent Learner
4,1.0,7,105,3,266,3,77,16,Consistent Learner
5,1.0,7,73,2,297,1,78,18,Consistent Learner
5,1.0,6,96,3,319,2,83,20,Consistent Learner
3,1.0,6,97,3,354,2,79,18,Consistent Learner
3,1.0,5,99,3,274,2,85,15,Consistent Learner
3,1.0,5,61,3,270,3,75,16,Consistent Learner
3,1.0,6,78,2,328,1,82,20,Consistent Learner
5,1.0,5,112,3,240,2,83,18,Consistent Learner
5,1.0,5,74,3,308,3,85,20,Consistent Learner
3,1.0,5,78,3,330,3,76,18,Consistent Learner
5,1.0,7,79,2,306,2,85,15,Consistent Learner
4,1.0,6,70,2,286,2,79,20,Consistent Learner
4,1.0,7,69,2,340,3,78,19,Consistent Learner
4,1.0,6,81,2,284,2,78,19,Consistent Learner
3,1.0,5,113,2,325,3,82,20,Consistent Learner
5,1.0,6,60,2,296,1,82,16,Consistent Learner
3,1.0,5,77,3,243,2,80,20,Consistent Learner
3,1.0,7,63,2,304,1,75,16,Consistent Learner
3,1.0,5,94,3,245,1,85,20,Consistent Learner
3,1.0,6,75,2,352,2,77,16,Consistent Learner
3,1.0,7,108,3,312,1,76,18,Consistent Learner
3,1.0,6,95,2,285,2,81,19,Consistent Learner
5,1.0,6,107,3,298,2,79,15,Consistent Learner
5,1.0,6,98,2,314,2,81,15,Consistent Learner
3,1.0,7,86,2,271,3,84,20,Consistent Learner
3,1.0,5,112,2,274,3,76,15,Consistent Learner
4,1.0,6,89,3,290,2,78,18,Consistent Learner
5,1.0,7,117,2,271,1,80,20,Consistent Learner
5,1.0,6,120,3,331,3,83,18,Consistent Learner
5,1.0,6,95,3,252,1,81,17,Consistent Learner
4,1.0,5,101,2,340,2,79,17,Consistent Learner
4,1.0,5,75,2,282,2,81,18,Consistent Learner
3,1.0,7,109,2,307,1,85,18,Consistent Learner
5,1.0,6,100,2,259,2,80,18,Consistent Learner
5,1.0,5,115,2,286,1,84,15,Consistent Learner
3,1.0,6,76,2,331,1,83,18,Consistent Learner
5,1.0,6,108,3,272,2,78,19,Consistent Learner
3,1.0,6,88,2,256,1,77,19,Consistent Learner
5,1.0,7,71,2,303,3,83,15,Consistent Learner
5,1.0,5,70,3,259,1,77,19,Consistent Learner
3,1.0,6,94,3,278,2,78,19,Consistent Learner
4,1.0,6,79,2,294,3,77,16,Consistent Learner
3,1.0,7,66,2,308,1,81,20,Consistent Learner
4,1.0,5,86,2,317,3,78,18,Consistent Learner
5,1.0,5,99,3,321,3,82,17,Consistent Learner
3,1.0,6,79,3,342,3,85,19,Consistent Learner
4,1.0,6,118,2,247,1,84,18,Consistent Learner
5,1.0,7,107,2,283,3,85,18,Consistent Learner
3,1.0,6,91,2,240,3,75,16,Consistent Learner
3,1.0,7,117,3,241,3,80,20,Consistent Learner
4,1.0,6,86,2,265,1,77,20,Consistent Learner
4,1.0,5,68,2,312,3,85,15,Consistent Learner
4,1.0,5,62,2,348,1,82,19,Consistent Learner
3,1.0,7,117,2,333,2,78,15,Consistent Learner
5,1.0,5,118,3,318,2,81,17,Consistent Learner
4,1.0,7,105,2,334,2,81,20,Consistent Learner
3,1.0,5,66,2,260,2,80,16,Consistent Learner
5,1.0,5,77,3,341,1,80,17,Consistent Learner
5,1.0,5,62,3,347,2,75,16,Consistent Learner
4,1.0,6,63,2,251,3,79,19,Consistent Learner
3,1.0,6,75,2,296,2,78,17,Consistent Learner
4,1.0,7,94,3,340,1,84,18,Consistent Learner
4,1.0,6,63,2,297,3,84,20,Consistent Learner
3,1.0,6,120,3,341,1,83,18,Consistent Learner
4,1.0,6,87,3,353,2,75,19,Consistent Learner
5,1.0,7,76,3,297,2,84,15,Consistent Learner
3,1.0,6,91,2,247,2,79,16,Consistent Learner
5,1.0,5,108,3,281,3,79,20,Consistent Learner
3,1.0,6,79,3,266,2,85,20,Consistent Learner
5,1.0,7,62,2,297,3,84,18,Consistent Learner
4,1.0,5,63,3,310,1,75,17,Consistent Learner
3,1.0,7,111,3,296,3,78,16,Consistent Learner
5,1.0,6,66,3,263,2,83,20,Consistent Learner
3,1.0,6,98,2,276,1,80,19,Consistent Learner
4,1.0,5,83,2,322,1,77,16,Consistent Learner
3,1.0,7,107,3,243,3,80,18,Consistent Learner
5,1.0,5,63,2,265,2,84,18,Consistent Learner
5,1.0,5,114,3,347,2,77,17,Consistent Learner
5,1.0,6,102,3,251,1,83,20,Consistent Learner
4,1.0,6,87,3,290,2,83,15,Consistent Learner
4,1.0,6,72,2,265,3,84,16,Consistent Learner
4,1.0,5,119,3,252,1,78,15,Consistent Learner
5,1.0,5,78,2,291,2,77,19,Consistent Learner
5,1.0,5,89,3,303,2,81,18,Consistent Learner
3,1.0,6,84,2,261,3,80,20,Consistent Learner
4,1.0,6,74,2,249,1,79,18,Consistent Learner
3,1.0,6,85,3,256,2,83,15,Consistent Learner
3,1.0,6,69,3,318,3,83,17,Consistent Learner
5,1.0,7,60,3,344,1,77,15,Consistent Learner
3,1.0,6,77,2,261,3,83,19,Consistent Learner
5,1.0,6,66,3,278,3,77,19,Consistent Learner
4,1.0,6,85,3,281,3,79,20,Consistent Learner
3,1.0,6,112,3,283,2,75,17,Consistent Learner
4,1.0,6,69,3,269,3,78,16,Consistent Learner
4,1.0,5,60,2,246,3,85,15,Consistent Learner
5,1.0,5,66,2,303,3,79,17,Consistent Learner
4,1.0,7,90,3,283,2,82,17,Consistent Learner
5,1.0,6,76,3,281,2,76,19,Consistent Learner
5,1.0,6,89,2,272,2,81,19,Consistent Learner
5,1.0,5,61,2,352,1,79,15,Consistent Learner
4,1.0,6,80,3,313,3,83,16,Consistent Learner
3,1.0,6,85,3,290,3,85,18,Consistent Learner
4,1.0,6,86,2,264,2,80,17,Consistent Learner
3,1.0,6,93,3,336,1,76,15,Consistent Learner
4,1.0,6,107,3,347,2,80,20,Consistent Learner
5,1.0,7,88,2,243,2,76,19,Consistent Learner
4,1.0,6,111,2,352,2,79,18,Consistent Learner
6,2.0,3,89,1,134,4,94,8,Fast Learner
8,2.0,3,66,1,237,3,85,9,Fast Learner
6,2.0,4,61,1,181,4,93,6,Fast Learner
7,2.0,5,82,1,186,3,90,7,Fast Learner
8,1.5,5,76,0,170,3,93,10,Fast Learner
8,1.5,5,85,0,152,2,89,10,Fast Learner
6,1.5,4,63,0,234,3,86,7,Fast Learner
7,2.0,5,62,1,179,3,93,6,Fast Learner
6,1.5,5,77,0,201,4,91,6,Fast Learner
6,2.0,3,87,0,124,4,90,8,Fast Learner
7,1.5,5,72,0,153,2,89,8,Fast Learner
8,2.0,3,84,1,217,3,88,6,Fast Learner
8,1.5,4,88,1,130,4,90,5,Fast Learner
7,2.0,5,86,1,132,3,87,7,Fast Learner
6,2.0,4,75,1,217,3,88,9,Fast Learner
6,2.0,5,81,0,157,4,88,5,Fast Learner
6,1.5,3,76,0,153,3,85,7,Fast Learner
6,1.5,4,80,0,188,4,95,5,Fast Learner
6,2.0,5,77,1,143,3,87,6,Fast Learner
8,1.5,4,76,1,125,2,86,8,Fast Learner
6,2.0,5,73,0,120,3,86,6,Fast Learner
6,2.0,4,80,0,129,4,95,6,Fast Learner
7,2.0,5,83,0,139,3,90,10,Fast Learner
6,2.0,4,88,1,204,4,88,6,Fast Learner
7,2.0,5,79,0,156,2,89,6,Fast Learner
6,1.5,3,63,1,128,4,85,10,Fast Learner
6,1.5,3,78,0,121,2,88,8,Fast Learner
7,1.5,3,69,1,177,4,87,5,Fast Learner
8,1.5,5,60,1,221,3,93,7,Fast Learner
7,2.0,3,62,0,160,4,85,8,Fast Learner
7,1.5,3,78,1,127,4,89,6,Fast Learner
7,1.5,5,89,1,147,4,93,8,Fast Learner
6,2.0,4,75,1,180,4,94,8,Fast Learner
6,2.0,3,73,1,142,3,90,6,Fast Learner
7,1.5,3,62,0,238,4,87,9,Fast Learner
6,2.0,3,80,0,212,2,88,7,Fast Learner
8,1.5,5,61,1,161,2,87,10,Fast Learner
7,2.0,4,86,0,235,3,92,5,Fast Learner
6,2.0,5,85,0,159,4,88,6,Fast Learner
7,2.0,3,90,0,136,4,91,9,Fast Learner
6,2.0,4,68,0,233,3,92,10,Fast Learner
7,2.0,3,65,0,236,3,95,6,Fast Learner
8,2.0,4,69,0,157,3,89,10,Fast Learner
6,2.0,4,84,1,191,4,95,6,Fast Learner
7,1.5,5,66,1,140,4,89,7,Fast Learner
6,2.0,4,87,0,197,2,92,6,Fast Learner
7,2.0,5,64,0,203,3,92,7,Fast Learner
6,2.0,4,61,1,205,3,93,10,Fast Learner
7,2.0,3,66,0,188,4,90,9,Fast Learner
7,2.0,5,83,0,205,3,93,9,Fast Learner
6,1.5,4,78,0,187,4,88,6,Fast Learner
7,1.5,3,70,0,219,3,90,10,Fast Learner
8,1.5,5,80,0,141,4,90,7,Fast Learner
8,2.0,5,80,0,178,2,92,8,Fast Learner
6,2.0,3,77,1,170,4,91,9,Fast Learner
7,1.5,5,75,1,184,2,85,8,Fast Learner
8,1.5,5,63,0,137,3,93,8,Fast Learner
7,2.0,5,68,1,159,4,93,7,Fast Learner
6,2.0,3,76,1,235,4,86,8,Fast Learner
7,2.0,4,64,0,132,3,95,10,Fast Learner
6,1.5,4,74,0,196,3,92,7,Fast Learner
6,1.5,4,63,1,200,2,85,8,Fast Learner
7,1.5,4,84,0,177,4,90,6,Fast Learner
7,1.5,4,63,0,124,2,94,7,Fast Learner
8,2.0,4,62,0,124,2,88,9,Fast Learner
7,1.5,5,79,0,153,3,95,8,Fast Learner
8,2.0,4,66,0,132,2,89,6,Fast Learner
7,2.0,3,70,0,131,2,87,8,Fast Learner
8,1.5,3,69,0,139,3,88,9,Fast Learner
6,1.5,5,66,1,143,4,90,5,Fast Learner
6,2.0,5,83,0,221,2,92,5,Fast Learner
8,1.5,4,81,1,197,4,95,7,Fast Learner
8,1.5,3,67,1,123,3,87,8,Fast Learner
8,2.0,5,81,1,196,2,95,6,Fast Learner
6,2.0,3,82,1,136,4,90,9,Fast Learner
6,2.0,4,76,0,170,3,86,10,Fast Learner
8,1.5,3,77,0,124,4,95,8,Fast Learner
7,1.5,3,88,0,130,2,88,7,Fast Learner
6,1.5,5,74,1,136,2,91,5,Fast Learner
8,1.5,4,71,1,172,2,92,9,Fast Learner
8,1.5,3,76,1,176,3,85,10,Fast Learner
6,2.0,4,85,0,162,4,87,7,Fast Learner
8,1.5,3,81,0,195,4,92,8,Fast Learner
8,2.0,4,62,1,207,3,88,9,Fast Learner
7,2.0,4,74,1,208,3,85,9,Fast Learner
7,2.0,4,82,1,190,4,85,5,Fast Learner
6,1.5,5,66,0,186,3,94,9,Fast Learner
8,1.5,3,90,0,179,2,86,10,Fast Learner
8,2.0,3,85,0,148,2,86,9,Fast Learner
8,1.5,4,86,1,178,2,91,7,Fast Learner
8,2.0,5,62,0,121,3,86,8,Fast Learner
6,1.5,4,77,1,236,3,92,6,Fast Learner
7,1.5,3,76,0,164,3,90,8,Fast Learner
7,2.0,5,79,0,211,3,92,6,Fast Learner
8,2.0,4,86,0,235,4,90,7,Fast Learner
7,1.5,3,70,1,180,4,93,6,Fast Learner
7,2.0,4,76,1,224,2,92,7,Fast Learner
6,1.5,3,81,1,177,2,89,7,Fast Learner
8,2.0,5,83,1,136,2,85,5,Fast Learner
7,2.0,3,83,0,123,4,88,9,Fast Learner
6,2.0,4,70,0,136,3,86,7,Fast Learner
8,2.0,4,90,1,234,4,85,10,Fast Learner
6,1.5,3,60,0,177,3,88,6,Fast Learner
6,2.0,4,75,0,158,3,87,9,Fast Learner
6,1.5,3,78,1,173,2,85,6,Fast Learner
7,1.5,4,61,1,150,3,88,8,Fast Learner
6,1.5,5,73,0,225,2,90,7,Fast Learner
8,1.5,5,78,1,240,3,86,7,Fast Learner
7,2.0,3,78,1,130,2,88,8,Fast Learner
6,1.5,3,63,1,206,2,85,9,Fast Learner
6,1.5,4,68,1,160,2,85,6,Fast Learner
7,1.5,5,67,0,125,4,86,10,Fast Learner
6,2.0,5,79,0,231,4,89,6,Fast Learner
8,2.0,3,70,1,127,3,92,6,Fast Learner
6,2.0,3,77,0,144,3,93,6,Fast Learner
7,1.5,3,82,0,123,4,91,10,Fast Learner
6,1.5,3,84,1,177,3,91,5,Fast Learner
6,2.0,4,65,0,192,3,95,7,Fast Learner
6,2.0,5,88,1,158,3,87,7,Fast Learner
6,2.0,3,65,0,128,3,93,9,Fast Learner
8,2.0,5,60,0,134,3,95,7,Fast Learner
8,2.0,4,61,1,232,4,91,10,Fast Learner
8,2.0,4,66,1,217,3,94,9,Fast Learner
6,1.5,5,87,0,233,3,86,9,Fast Learner
8,1.5,3,66,0,184,2,94,9,Fast Learner
7,1.5,5,81,0,186,4,91,5,Fast Learner
6,1.5,3,72,0,215,4,87,7,Fast Learner
6,1.5,4,61,1,194,2,85,8,Fast Learner
7,2.0,5,73,0,172,2,92,6,Fast Learner
7,1.5,4,60,0,155,4,89,5,Fast Learner
6,1.5,3,74,0,178,2,88,5,Fast Learner
8,1.5,4,77,0,127,4,89,9,Fast Learner
8,1.5,4,76,1,143,4,95,8,Fast Learner
7,1.5,3,68,0,209,4,89,6,Fast Learner
8,1.5,5,83,1,225,2,85,9,Fast Learner
8,2.0,3,78,0,132,3,88,9,Fast Learner
8,2.0,4,67,0,131,3,86,9,Fast Learner
6,1.5,4,73,1,130,4,92,10,Fast Learner
8,2.0,3,63,0,215,2,93,10,Fast Learner
7,2.0,5,88,0,157,2,94,6,Fast Learner
8,2.0,4,83,0,159,2,91,9,Fast Learner
8,1.5,3,68,0,121,4,93,7,Fast Learner
6,2.0,4,80,1,237,4,89,7,Fast Learner
7,1.5,4,81,1,172,2,91,8,Fast Learner
6,1.5,4,78,0,216,2,86,8,Fast Learner
6,1.5,5,61,1,205,2,90,7,Fast Learner
7,2.0,4,87,1,137,4,91,10,Fast Learner
8,1.5,5,89,1,216,3,85,6,Fast Learner
8,1.5,4,90,0,186,2,91,5,Fast Learner
7,1.5,4,90,1,193,2,92,5,Fast Learner
6,1.5,3,88,0,144,3,89,9,Fast Learner
7,2.0,4,82,1,222,3,90,7,Fast Learner
8,1.5,3,61,1,232,2,88,7,Fast Learner
8,1.5,5,74,0,169,4,87,8,Fast Learner
6,1.5,5,67,0,131,3,86,7,Fast Learner
6,1.5,5,66,1,222,2,88,8,Fast Learner
8,1.5,5,85,0,227,4,93,5,Fast Learner
6,2.0,3,85,1,181,4,95,5,Fast Learner
6,1.5,3,76,1,190,2,91,10,Fast Learner
6,1.5,5,82,0,146,2,91,7,Fast Learner
7,2.0,4,64,0,128,2,91,6,Fast Learner
7,2.0,3,66,0,234,4,90,7,Fast Learner
7,1.5,3,86,0,178,3,89,7,Fast Learner
6,1.5,5,73,0,153,4,91,6,Fast Learner
8,1.5,4,76,0,203,3,93,6,Fast Learner
8,2.0,3,74,1,123,3,89,9,Fast Learner
7,1.5,5,66,0,129,3,91,5,Fast Learner
6,1.5,3,85,1,149,4,90,6,Fast Learner
7,2.0,4,83,1,174,3,88,7,Fast Learner
8,1.5,3,81,1,164,4,88,8,Fast Learner
7,1.5,4,70,1,142,4,85,10,Fast Learner
6,2.0,4,79,0,162,4,89,10,Fast Learner
7,1.5,5,89,1,160,4,92,6,Fast Learner
7,2.0,4,80,0,183,3,92,8,Fast Learner
7,2.0,3,75,0,188,2,95,5,Fast Learner
7,1.5,3,68,0,226,3,85,8,Fast Learner
6,2.0,3,76,1,217,4,93,5,Fast Learner
8,2.0,4,71,1,155,4,93,5,Fast Learner
7,2.0,3,78,1,229,3,89,9,Fast Learner
7,1.5,4,61,1,183,2,88,6,Fast Learner
7,1.5,5,65,0,142,3,88,7,Fast Learner
7,1.5,5,84,1,161,4,92,5,Fast Learner
6,2.0,4,71,0,209,2,94,9,Fast Learner
8,1.5,5,73,1,219,2,92,9,Fast Learner
6,2.0,5,76,0,165,2,90,8,Fast Learner
7,2.0,4,73,1,139,4,92,10,Fast Learner
6,2.0,5,83,0,143,3,85,7,Fast Learner
6,1.5,3,67,1,132,2,91,6,Fast Learner
6,1.5,5,83,0,204,2,85,5,Fast Learner
8,2.0,3,66,0,180,2,95,6,Fast Learner
7,1.5,5,71,1,174,3,94,6,Fast Learner
7,1.5,5,78,0,201,4,90,6,Fast Learner
8,2.0,4,87,0,220,3,89,6,Fast Learner
6,2.0,3,67,0,216,4,93,8,Fast Learner
7,2.0,4,78,0,136,4,92,5,Fast Learner
7,2.0,4,61,0,191,4,92,8,Fast Learner
7,1.5,5,62,1,226,2,90,7,Fast Learner
6,1.5,5,83,0,213,4,87,9,Fast Learner
8,1.5,4,82,0,159,2,85,8,Fast Learner
6,1.5,5,71,0,167,3,88,10,Fast Learner
8,2.0,4,79,1,227,4,90,7,Fast Learner
8,1.5,4,71,1,123,2,89,6,Fast Learner
7,2.0,5,68,0,183,2,90,8,Fast Learner
6,2.0,5,73,0,134,2,88,8,Fast Learner
6,2.0,4,69,0,228,2,95,7,Fast Learner
8,1.5,4,85,1,124,3,89,8,Fast Learner
8,1.5,5,72,1,122,4,94,7,Fast Learner
8,2.0,5,69,1,159,2,89,6,Fast Learner
6,2.0,4,76,0,144,3,89,6,Fast Learner
7,1.5,3,83,1,179,4,91,10,Fast Learner
6,1.5,3,68,0,156,4,87,9,Fast Learner
8,2.0,3,89,1,163,2,87,5,Fast Learner
7,2.0,4,74,1,188,3,89,10,Fast Learner
8,1.5,4,80,0,187,2,93,9,Fast Learner
8,1.5,5,89,1,233,2,86,5,Fast Learner
8,2.0,3,73,1,178,2,89,9,Fast Learner
7,2.0,5,66,0,188,3,92,8,Fast Learner
7,2.0,4,83,0,202,2,92,10,Fast Learner
7,1.5,3,60,0,141,2,89,7,Fast Learner
6,1.5,4,74,1,200,2,85,8,Fast Learner
6,2.0,3,90,0,224,3,85,6,Fast Learner
7,2.0,5,72,0,158,3,90,6,Fast Learner
8,2.0,5,81,1,141,3,93,8,Fast Learner
7,1.5,5,76,0,161,2,85,9,Fast Learner
8,1.5,4,66,0,153,3,94,10,Fast Learner
6,1.5,4,69,1,190,3,92,9,Fast Learner
7,1.5,3,76,1,224,2,85,8,Fast Learner
7,2.0,5,63,1,192,4,88,8,Fast Learner
7,1.5,3,72,0,135,4,87,7,Fast Learner
6,2.0,3,72,0,158,3,95,9,Fast Learner
6,2.0,3,85,0,203,3,91,6,Fast Learner
8,2.0,4,63,1,159,4,88,6,Fast Learner
7,2.0,3,86,0,190,3,88,10,Fast Learner
6,1.5,3,72,0,203,3,91,8,Fast Learner
6,2.0,4,80,1,159,3,85,7,Fast Learner
6,1.5,5,77,1,198,2,87,10,Fast Learner
8,1.5,4,69,1,168,4,86,10,Fast Learner
6,1.5,5,88,0,136,2,91,6,Fast Learner
8,1.5,5,66,1,165,2,92,8,Fast Learner
6,2.0,5,61,0,173,4,90,7,Fast Learner
7,1.5,4,83,1,120,3,86,9,Fast Learner
6,1.5,5,79,0,228,3,89,10,Fast Learner
8,1.5,5,87,1,183,2,94,8,Fast Learner
6,1.5,5,74,0,124,2,87,9,Fast Learner
7,2.0,4,60,1,225,4,86,8,Fast Learner
6,1.5,3,60,0,223,3,86,10,Fast Learner
6,2.0,4,73,1,121,2,93,7,Fast Learner
6,1.5,5,67,0,139,4,86,7,Fast Learner
8,2.0,5,88,0,164,3,91,7,Fast Learner
7,1.5,4,63,0,181,4,95,10,Fast Learner
7,1.5,3,87,1,207,3,92,8,Fast Learner
7,1.5,4,66,0,171,3,89,5,Fast Learner
8,2.0,5,63,0,194,4,87,5,Fast Learner
7,2.0,4,68,1,121,4,85,8,Fast Learner
7,1.5,4,64,0,199,2,86,9,Fast Learner
6,2.0,4,72,0,230,4,95,7,Fast Learner
6,2.0,3,70,1,183,4,86,8,Fast Learner
6,1.5,3,76,1,175,3,85,9,Fast Learner
7,1.5,5,76,1,155,2,93,8,Fast Learner
6,2.0,3,60,1,235,2,89,10,Fast Learner
6,2.0,5,63,0,124,2,88,8,Fast Learner
6,2.0,3,65,0,154,2,92,9,Fast Learner
6,1.5,4,66,0,136,4,90,9,Fast Learner
8,1.5,4,62,1,224,4,95,8,Fast Learner
7,1.5,5,69,1,178,3,90,5,Fast Learner
8,1.5,5,77,0,231,3,92,7,Fast Learner
7,2.0,4,69,1,200,4,94,5,Fast Learner
8,1.5,4,70,0,187,3,90,8,Fast Learner
6,1.5,5,74,0,182,3,88,5,Fast Learner
7,1.5,4,77,1,144,3,95,8,Fast Learner
8,1.5,3,70,1,188,2,87,7,Fast Learner
7,2.0,4,66,1,202,2,85,5,Fast Learner
8,1.5,3,72,1,236,3,91,5,Fast Learner
6,2.0,4,60,1,186,4,95,8,Fast Learner
6,1.5,4,75,1,233,2,85,5,Fast Learner
8,1.5,3,89,0,234,2,94,10,Fast Learner
6,1.5,3,72,0,183,2,94,9,Fast Learner
8,2.0,5,63,1,173,4,95,9,Fast Learner
8,1.5,4,81,0,137,3,89,6,Fast Learner
8,1.5,3,63,0,152,3,87,9,Fast Learner
7,2.0,5,66,0,226,3,90,8,Fast Learner
8,2.0,5,64,0,136,2,86,7,Fast Learner
6,1.5,5,87,1,168,4,94,5,Fast Learner
7,2.0,5,90,0,204,2,92,8,Fast Learner
6,2.0,5,77,0,149,2,90,9,Fast Learner
8,1.5,4,79,1,237,4,90,5,Fast Learner
8,2.0,3,80,0,198,3,92,5,Fast Learner
8,1.5,5,78,0,123,2,90,7,Fast Learner
8,1.5,3,76,0,149,3,94,8,Fast Learner
6,2.0,3,90,1,209,2,95,7,Fast Learner
6,1.5,5,82,0,224,4,95,7,Fast Learner
8,2.0,5,62,1,232,4,91,6,Fast Learner
7,2.0,4,72,0,222,2,93,5,Fast Learner
6,1.5,5,90,1,129,3,88,5,Fast Learner
8,1.5,5,72,0,208,2,85,5,Fast Learner
8,1.5,5,66,1,133,3,89,9,Fast Learner
7,2.0,3,86,0,129,2,94,9,Fast Learner
8,1.5,4,79,1,203,2,86,7,Fast Learner
6,1.5,3,77,0,177,3,91,5,Fast Learner
6,2.0,5,73,0,198,4,87,7,Fast Learner
6,2.0,3,63,0,223,4,89,10,Fast Learner
7,2.0,5,71,0,128,2,86,6,Fast Learner
6,1.5,3,73,0,183,4,93,7,Fast Learner
6,2.0,4,88,1,220,2,93,8,Fast Learner
8,2.0,3,69,0,173,4,93,6,Fast Learner
8,2.0,5,64,0,183,2,92,7,Fast Learner
8,1.5,4,73,1,180,3,87,7,Fast Learner
8,2.0,5,90,0,229,2,90,7,Fast Learner
8,1.5,3,74,0,126,4,86,9,Fast Learner
7,2.0,4,71,0,226,2,89,8,Fast Learner
7,1.5,5,80,0,218,4,90,5,Fast Learner
8,1.5,5,80,0,218,2,92,5,Fast Learner
7,2.0,3,69,0,169,3,86,7,Fast Learner
6,2.0,4,90,0,182,2,93,10,Fast Learner
8,2.0,4,78,1,164,4,90,5,Fast Learner
6,1.5,4,61,0,150,3,94,5,Fast Learner
8,2.0,4,72,1,225,4,90,9,Fast Learner
7,1.5,3,88,1,181,4,91,7,Fast Learner
8,2.0,5,72,0,207,3,92,6,Fast Learner
6,2.0,3,77,0,132,2,94,6,Fast Learner
7,2.0,3,78,1,215,2,86,8,Fast Learner
7,2.0,5,81,1,199,2,90,8,Fast Learner
7,2.0,5,87,0,240,4,85,8,Fast Learner
6,2.0,4,64,1,136,4,90,6,Fast Learner
8,1.5,5,76,1,185,3,93,8,Fast Learner
7,1.5,4,76,0,181,4,94,10,Fast Learner
8,1.5,4,64,0,185,2,88,6,Fast Learner
7,2.0,3,80,1,126,4,89,7,Fast Learner
6,2.0,3,63,0,177,3,91,5,Fast Learner
8,1.5,4,74,1,156,2,89,8,Fast Learner
6,1.5,4,70,0,194,2,86,5,Fast Learner
6,1.5,5,64,1,148,3,88,6,Fast Learner
8,1.5,4,85,0,172,3,89,9,Fast Learner
8,1.5,5,67,0,195,2,90,5,Fast Learner
8,2.0,4,67,0,127,3,95,10,Fast Learner
7,2.0,3,86,0,215,2,90,7,Fast Learner
8,1.5,5,87,1,206,4,89,7,Fast Learner
6,1.5,4,61,0,126,3,92,8,Fast Learner
8,2.0,4,68,1,127,2,93,8,Fast Learner
7,2.0,4,81,1,222,3,89,7,Fast Learner
6,2.0,3,84,0,154,4,90,10,Fast Learner
7,1.5,4,90,1,224,3,87,10,Fast Learner
7,1.5,4,77,1,180,4,94,6,Fast Learner
6,1.5,4,60,1,161,3,94,9,Fast Learner
7,2.0,3,87,0,153,4,86,6,Fast Learner
7,2.0,4,64,1,199,2,88,10,Fast Learner
6,2.0,4,63,1,133,2,87,6,Fast Learner
6,1.5,4,80,1,168,3,95,6,Fast Learner
8,1.5,3,78,0,161,4,85,9,Fast Learner
7,2.0,4,61,1,138,4,87,9,Fast Learner
7,2.0,3,65,0,162,4,88,5,Fast Learner
7,2.0,4,78,0,183,4,91,8,Fast Learner
7,1.5,3,67,0,201,3,87,7,Fast Learner
7,1.5,4,81,1,130,2,90,8,Fast Learner
7,1.5,5,72,1,225,4,93,8,Fast Learner
8,2.0,5,78,0,226,3,94,10,Fast Learner
8,2.0,5,74,1,203,2,86,10,Fast Learner
6,2.0,5,71,0,231,2,86,8,Fast Learner
8,1.5,3,70,0,171,4,86,9,Fast Learner
8,2.0,4,81,1,219,2,95,10,Fast Learner
6,1.5,4,75,1,207,2,92,6,Fast Learner
8,2.0,5,78,1,188,4,90,9,Fast Learner
7,2.0,4,77,1,141,2,93,9,Fast Learner
8,2.0,5,66,0,187,2,91,5,Fast Learner
7,2.0,3,88,1,229,4,87,10,Fast Learner
8,2.0,3,77,0,239,3,90,9,Fast Learner
6,1.5,3,82,1,174,4,92,7,Fast Learner
6,1.5,4,87,0,149,3,85,7,Fast Learner
8,2.0,4,88,0,210,2,91,7,Fast Learner
7,2.0,3,80,0,129,2,90,10,Fast Learner
7,1.5,5,84,1,138,4,85,10,Fast Learner
6,2.0,5,74,0,187,2,87,9,Fast Learner
6,1.5,4,82,1,239,3,89,8,Fast Learner
8,2.0,3,69,1,159,3,88,5,Fast Learner
6,1.5,5,82,0,173,3,88,10,Fast Learner
7,2.0,5,62,1,159,4,92,5,Fast Learner
6,1.5,3,88,0,173,3,89,6,Fast Learner
6,1.5,3,67,0,120,3,90,5,Fast Learner
6,2.0,4,80,1,191,3,93,10,Fast Learner
8,2.0,4,60,0,192,3,86,7,Fast Learner
8,1.5,3,64,0,158,4,88,6,Fast Learner
6,2.0,5,90,0,151,2,85,5,Fast Learner
7,1.5,4,85,1,212,2,95,7,Fast Learner
7,1.5,4,66,0,142,3,87,9,Fast Learner
7,1.5,3,64,0,125,3,94,10,Fast Learner
8,1.5,5,85,1,124,2,87,8,Fast Learner
6,2.0,3,90,0,226,4,88,8,Fast Learner
6,2.0,5,65,1,164,3,91,10,Fast Learner
7,1.5,4,80,0,132,2,94,10,Fast Learner
7,1.5,5,68,1,226,4,86,6,Fast Learner
6,2.0,3,83,1,137,4,87,10,Fast Learner
8,2.0,3,72,0,160,3,94,8,Fast Learner
6,1.5,5,63,0,122,2,88,10,Fast Learner
6,1.5,5,70,1,202,2,87,5,Fast Learner
7,1.5,4,76,1,204,3,93,5,Fast Learner
7,1.5,3,84,0,211,2,86,10,Fast Learner
6,2.0,5,60,1,151,3,94,9,Fast Learner
6,2.0,4,89,0,159,2,94,6,Fast Learner
6,2.0,5,80,1,233,2,94,10,Fast Learner
7,2.0,5,87,1,219,3,88,5,Fast Learner
7,1.5,5,88,1,124,4,86,9,Fast Learner
6,2.0,5,64,1,203,4,89,6,Fast Learner
7,2.0,5,62,0,218,2,88,5,Fast Learner
8,2.0,4,84,1,187,2,95,9,Fast Learner
6,1.5,3,65,1,197,3,91,10,Fast Learner
8,2.0,4,64,1,120,3,95,5,Fast Learner
6,1.5,5,74,1,123,4,93,5,Fast Learner
6,2.0,5,88,1,124,4,92,8,Fast Learner
6,2.0,4,84,1,139,3,86,5,Fast Learner
6,2.0,5,76,1,239,2,85,9,Fast Learner
6,2.0,3,66,1,196,2,85,10,Fast Learner
7,2.0,4,70,0,214,2,91,9,Fast Learner
7,1.5,4,81,0,155,3,87,6,Fast Learner
8,2.0,5,64,0,233,2,95,6,Fast Learner
7,2.0,3,76,0,144,2,86,9,Fast Learner
7,1.5,3,60,0,229,4,95,5,Fast Learner
7,1.5,4,70,0,123,4,92,8,Fast Learner
6,1.5,3,67,0,122,3,86,7,Fast Learner
8,2.0,4,81,1,129,4,85,9,Fast Learner
6,2.0,4,88,0,215,4,89,6,Fast Learner
8,2.0,5,64,1,151,4,88,9,Fast Learner
8,2.0,5,84,0,174,4,88,9,Fast Learner
8,2.0,3,80,0,177,2,90,6,Fast Learner
7,2.0,3,90,1,215,4,86,7,Fast Learner
6,1.5,3,88,1,162,4,86,5,Fast Learner
8,1.5,3,63,1,120,4,92,7,Fast Learner
6,1.5,5,83,1,166,3,95,6,Fast Learner
7,2.0,3,78,1,154,4,88,5,Fast Learner
8,1.5,3,63,1,208,4,95,8,Fast Learner
8,1.5,5,67,0,210,4,88,8,Fast Learner
8,1.5,5,88,1,131,4,88,5,Fast Learner
6,2.0,3,76,1,215,4,85,6,Fast Learner
8,2.0,3,70,0,128,3,89,5,Fast Learner
6,2.0,4,69,0,194,4,90,9,Fast Learner
7,1.5,4,85,1,167,3,92,7,Fast Learner
8,2.0,5,68,0,156,4,86,5,Fast Learner
7,2.0,4,64,1,178,4,87,6,Fast Learner
8,2.0,3,77,0,157,4,89,10,Fast Learner
7,1.5,4,90,0,216,3,85,6,Fast Learner
6,1.5,4,65,0,236,3,86,9,Fast Learner
6,2.0,4,67,1,218,2,91,7,Fast Learner
7,1.5,4,74,0,173,3,95,6,Fast Learner
8,2.0,5,66,1,180,3,91,6,Fast Learner
7,2.0,5,80,1,174,3,86,5,Fast Learner
8,1.5,3,67,0,216,4,95,9,Fast Learner
7,2.0,4,63,1,186,4,90,7,Fast Learner
6,1.5,5,68,0,176,2,92,7,Fast Learner
6,2.0,4,88,1,169,3,87,5,Fast Learner
7,1.5,4,88,0,165,4,91,9,Fast Learner
8,1.5,3,75,0,186,4,85,6,Fast Learner
8,1.5,3,72,1,203,4,91,8,Fast Learner
6,1.5,5,85,1,172,4,87,10,Fast Learner
7,2.0,5,66,1,217,4,95,9,Fast Learner
8,1.5,5,80,1,220,4,85,8,Fast Learner
7,1.5,3,81,0,171,3,92,10,Fast Learner
6,1.5,3,82,0,229,2,86,6,Fast Learner
7,1.5,3,66,0,140,3,92,10,Fast Learner
6,1.5,4,82,1,232,4,90,8,Fast Learner
6,2.0,4,78,0,155,2,95,7,Fast Learner
7,2.0,5,87,0,188,4,92,6,Fast Learner
6,1.5,5,65,0,154,3,89,9,Fast Learner
7,2.0,3,79,0,173,4,85,10,Fast Learner
7,2.0,5,85,0,161,2,91,9,Fast Learner
7,1.5,3,68,0,205,4,89,5,Fast Learner
7,2.0,3,83,0,129,3,85,7,Fast Learner
6,1.5,4,63,1,221,3,91,9,Fast Learner
8,1.5,3,82,0,229,3,87,7,Fast Learner
8,1.5,4,78,0,188,3,87,9,Fast Learner
8,1.5,4,65,1,186,4,85,9,Fast Learner
8,2.0,3,62,0,204,2,89,5,Fast Learner
7,2.0,4,83,0,144,4,87,8,Fast Learner
8,1.5,4,67,0,210,4,85,6,Fast Learner
7,2.0,5,75,0,146,2,89,7,Fast Learner
6,2.0,3,61,1,201,2,87,7,Fast Learner
8,2.0,3,89,0,156,3,86,9,Fast Learner
6,2.0,4,77,0,210,4,90,10,Fast Learner
8,2.0,3,88,0,215,4,85,7,Fast Learner
7,1.5,5,64,0,145,4,95,8,Fast Learner
8,2.0,3,66,1,194,4,90,8,Fast Learner
7,2.0,4,78,0,180,3,95,8,Fast Learner
7,2.0,5,78,1,155,3,94,8,Fast Learner
6,2.0,3,84,1,191,2,95,9,Fast Learner
8,1.5,3,88,1,240,3,90,10,Fast Learner
6,1.5,5,85,1,120,2,89,9,Fast Learner
7,1.5,4,64,1,235,2,92,5,Fast Learner
7,1.5,3,69,1,223,4,85,7,Fast Learner
7,2.0,3,88,1,184,4,94,7,Fast Learner
6,2.0,5,77,0,193,3,88,8,Fast Learner
7,2.0,5,86,0,164,2,85,8,Fast Learner
7,2.0,4,77,0,135,2,87,9,Fast Learner
6,2.0,4,61,1,189,2,87,7,Fast Learner
6,2.0,5,74,1,218,4,85,6,Fast Learner
8,2.0,3,85,0,147,2,92,7,Fast Learner
6,2.0,3,80,0,206,2,86,10,Fast Learner
6,2.0,5,64,0,210,4,94,6,Fast Learner
7,1.5,3,66,1,211,4,89,5,Fast Learner
6,2.0,5,86,1,161,4,92,10,Fast Learner
7,2.0,4,90,1,167,2,88,6,Fast Learner
6,2.0,5,83,0,170,3,86,8,Fast Learner
7,1.5,3,63,0,223,2,86,9,Fast Learner
2,0.5,4,200,4,564,2,88,21,Reflective Learner
3,0.5,3,193,5,401,2,87,24,Reflective Learner
2,1.0,3,211,5,513,4,81,21,Reflective Learner
2,0.5,4,220,4,482,3,81,21,Reflective Learner
2,1.0,3,195,5,507,2,89,22,Reflective Learner
2,1.0,3,226,4,387,4,89,22,Reflective Learner
3,1.0,3,218,4,472,2,88,21,Reflective Learner
3,0.5,3,190,6,510,4,82,22,Reflective Learner
2,0.5,4,237,5,442,2,88,21,Reflective Learner
4,0.5,4,182,6,570,2,80,25,Reflective Learner
4,0.5,3,219,5,487,2,82,23,Reflective Learner
2,0.5,4,206,6,447,3,87,25,Reflective Learner
4,1.0,3,219,6,367,2,89,25,Reflective Learner
2,0.5,3,227,5,400,2,90,23,Reflective Learner
3,1.0,4,221,5,474,4,95,24,Reflective Learner
3,0.5,4,219,5,456,3,93,20,Reflective Learner
3,0.5,3,231,6,570,3,86,25,Reflective Learner
4,1.0,3,222,5,549,2,92,22,Reflective Learner
4,0.5,4,229,5,398,2,81,24,Reflective Learner
2,0.5,4,204,4,502,2,93,21,Reflective Learner
3,1.0,3,192,6,469,4,86,20,Reflective Learner
4,1.0,4,194,5,384,2,92,25,Reflective Learner
4,1.0,4,217,4,520,2,95,22,Reflective Learner
4,1.0,4,212,5,489,4,91,20,Reflective Learner
3,1.0,3,184,5,381,3,94,23,Reflective Learner
2,1.0,4,192,4,472,4,80,20,Reflective Learner
3,1.0,4,239,6,536,3,82,22,Reflective Learner
4,0.5,4,224,6,438,4,90,24,Reflective Learner
4,1.0,3,226,6,446,4,88,24,Reflective Learner
4,0.5,3,192,5,386,3,81,22,Reflective Learner
4,0.5,4,183,4,409,4,91,22,Reflective Learner
3,0.5,3,197,4,596,3,80,25,Reflective Learner
2,1.0,4,232,6,509,4,95,21,Reflective Learner
3,0.5,4,210,4,402,3,82,20,Reflective Learner
3,1.0,3,227,6,476,4,87,20,Reflective Learner
4,0.5,4,209,6,406,3,93,24,Reflective Learner
3,1.0,4,209,4,466,3,88,22,Reflective Learner
4,1.0,3,216,6,395,3,91,20,Reflective Learner
2,1.0,4,238,4,509,4,91,21,Reflective Learner
4,0.5,4,206,5,497,4,95,20,Reflective Learner
3,1.0,3,216,5,512,4,87,24,Reflective Learner
4,0.5,4,236,6,466,4,95,22,Reflective Learner
3,1.0,3,202,5,428,2,88,20,Reflective Learner
3,0.5,3,231,6,420,4,94,21,Reflective Learner
2,1.0,4,212,5,411,4,91,23,Reflective Learner
4,1.0,3,233,6,463,2,82,23,Reflective Learner
4,1.0,3,208,6,468,4,90,24,Reflective Learner
4,1.0,3,218,6,522,3,94,20,Reflective Learner
2,0.5,4,199,5,372,2,82,20,Reflective Learner
2,1.0,3,218,5,427,2,93,20,Reflective Learner
4,0.5,4,199,6,565,3,81,22,Reflective Learner
2,1.0,3,217,6,580,2,93,24,Reflective Learner
3,0.5,3,228,6,584,4,92,23,Reflective Learner
3,1.0,3,206,5,433,4,82,21,Reflective Learner
4,1.0,3,206,6,393,4,91,23,Reflective Learner
4,1.0,3,199,6,407,3,81,23,Reflective Learner
4,1.0,4,224,6,391,3,89,21,Reflective Learner
2,0.5,3,216,4,590,4,94,24,Reflective Learner
3,1.0,4,211,5,572,4,83,22,Reflective Learner
4,1.0,4,181,6,555,2,82,20,Reflective Learner
4,1.0,4,186,6,535,3,86,22,Reflective Learner
2,1.0,3,180,6,442,4,85,24,Reflective Learner
4,1.0,4,231,4,474,4,80,24,Reflective Learner
3,0.5,4,231,4,562,4,87,21,Reflective Learner
2,1.0,4,184,6,556,2,84,24,Reflective Learner
3,1.0,4,182,6,485,3,81,22,Reflective Learner
4,1.0,3,227,4,561,2,84,22,Reflective Learner
2,0.5,4,212,5,443,4,80,20,Reflective Learner
2,1.0,3,198,6,459,3,94,25,Reflective Learner
4,1.0,4,217,4,562,2,95,25,Reflective Learner
4,0.5,4,194,6,450,2,85,21,Reflective Learner
2,0.5,4,192,4,541,4,94,23,Reflective Learner
4,0.5,3,202,4,469,4,87,24,Reflective Learner
4,1.0,3,234,6,431,4,94,23,Reflective Learner
4,0.5,4,226,5,412,4,82,21,Reflective Learner
2,1.0,4,191,5,506,4,84,25,Reflective Learner
3,1.0,3,214,6,475,4,91,21,Reflective Learner
4,0.5,3,233,4,449,4,83,22,Reflective Learner
4,0.5,3,238,5,539,4,93,22,Reflective Learner
3,0.5,4,226,5,360,3,86,25,Reflective Learner
2,1.0,3,187,6,382,4,86,23,Reflective Learner
2,0.5,3,194,4,591,4,87,24,Reflective Learner
2,0.5,4,193,5,519,2,92,25,Reflective Learner
2,0.5,3,189,5,492,4,80,25,Reflective Learner
2,0.5,4,190,5,363,3,92,25,Reflective Learner
2,1.0,3,199,6,504,2,92,25,Reflective Learner
4,1.0,4,213,5,464,2,93,25,Reflective Learner
3,0.5,4,204,6,504,2,95,25,Reflective Learner
3,0.5,4,205,6,369,4,92,23,Reflective Learner
4,0.5,3,194,6,492,4,88,20,Reflective Learner
3,1.0,3,189,6,499,2,87,20,Reflective Learner
3,0.5,3,240,5,429,3,86,24,Reflective Learner
2,1.0,4,216,4,373,3,93,21,Reflective Learner
3,1.0,3,194,6,594,3,86,24,Reflective Learner
2,0.5,3,229,5,530,3,89,25,Reflective Learner
3,0.5,3,230,4,509,4,81,23,Reflective Learner
4,0.5,4,238,4,544,3,85,24,Reflective Learner
3,1.0,4,189,4,521,3,84,21,Reflective Learner
2,0.5,4,219,6,392,3,86,22,Reflective Learner
4,0.5,4,239,4,469,3,88,25,Reflective Learner
4,0.5,4,229,6,574,4,91,24,Reflective Learner
3,0.5,3,193,5,429,3,86,21,Reflective Learner
2,0.5,3,234,4,594,4,82,25,Reflective Learner
4,1.0,3,205,5,375,3,88,22,Reflective Learner
2,0.5,3,209,6,439,4,80,25,Reflective Learner
4,0.5,3,214,6,444,4,93,23,Reflective Learner
2,0.5,3,227,5,508,4,92,23,Reflective Learner
3,1.0,3,187,5,402,3,83,20,Reflective Learner
4,0.5,3,212,4,415,3,84,22,Reflective Learner
2,0.5,4,229,4,519,3,80,24,Reflective Learner
2,0.5,4,213,5,428,3,85,25,Reflective Learner
2,1.0,4,196,5,571,4,80,20,Reflective Learner
3,1.0,3,183,4,569,4,94,20,Reflective Learner
3,1.0,3,213,6,432,4,82,24,Reflective Learner
2,1.0,4,222,5,494,4,90,22,Reflective Learner
3,1.0,4,213,4,440,4,89,25,Reflective Learner
4,0.5,3,239,6,443,3,83,20,Reflective Learner
4,0.5,3,216,4,521,2,92,22,Reflective Learner
2,0.5,3,211,6,430,3,81,20,Reflective Learner
3,1.0,4,183,4,395,4,94,24,Reflective Learner
2,1.0,3,214,5,422,4,91,25,Reflective Learner
3,1.0,4,190,5,583,3,90,20,Reflective Learner
4,1.0,3,224,6,422,4,94,21,Reflective Learner
4,0.5,4,189,4,447,2,86,25,Reflective Learner
2,0.5,4,235,6,511,3,84,20,Reflective Learner
2,0.5,4,198,5,384,4,82,25,Reflective Learner
4,1.0,3,206,4,424,3,94,25,Reflective Learner
4,1.0,4,188,5,402,4,86,20,Reflective Learner
2,0.5,4,192,6,582,3,93,20,Reflective Learner
2,0.5,3,236,5,584,3,85,24,Reflective Learner
3,1.0,3,197,4,542,3,95,20,Reflective Learner
3,1.0,3,211,5,419,4,93,23,Reflective Learner
3,1.0,3,239,5,508,2,84,20,Reflective Learner
4,1.0,3,218,4,519,2,87,23,Reflective Learner
4,0.5,4,182,4,569,3,92,22,Reflective Learner
4,0.5,4,201,6,397,2,83,24,Reflective Learner
2,1.0,4,203,4,537,3,80,25,Reflective Learner
4,1.0,4,196,5,406,3,84,22,Reflective Learner
4,1.0,4,194,6,497,2,89,23,Reflective Learner
3,1.0,4,210,4,571,3,82,23,Reflective Learner
3,1.0,3,202,5,374,3,85,25,Reflective Learner
4,0.5,4,197,4,395,4,94,21,Reflective Learner
4,0.5,3,205,6,555,2,81,21,Reflective Learner
3,1.0,3,200,5,364,4,80,22,Reflective Learner
2,1.0,3,193,6,525,3,86,24,Reflective Learner
3,0.5,4,207,6,480,4,80,25,Reflective Learner
4,1.0,3,237,5,443,2,80,21,Reflective Learner
2,0.5,4,210,4,567,2,82,20,Reflective Learner
4,0.5,4,216,5,564,3,81,23,Reflective Learner
2,1.0,3,240,4,438,3,92,23,Reflective Learner
4,1.0,3,217,5,361,3,81,22,Reflective Learner
3,0.5,3,193,4,390,2,88,21,Reflective Learner
2,0.5,4,204,6,385,3,91,25,Reflective Learner
2,1.0,3,209,5,596,4,90,25,Reflective Learner
2,1.0,4,208,4,503,4,90,24,Reflective Learner
4,0.5,3,189,6,523,2,85,23,Reflective Learner
3,1.0,4,186,6,415,3,94,21,Reflective Learner
4,0.5,4,201,5,565,3,81,22,Reflective Learner
2,1.0,4,235,4,534,3,81,20,Reflective Learner
4,0.5,4,223,5,541,4,93,21,Reflective Learner
4,1.0,3,231,5,472,3,81,22,Reflective Learner
2,1.0,4,190,6,528,4,83,22,Reflective Learner
3,1.0,3,205,4,491,4,82,20,Reflective Learner
4,1.0,3,215,6,452,2,80,25,Reflective Learner
2,1.0,3,206,4,503,4,81,21,Reflective Learner
2,1.0,4,205,4,438,2,89,23,Reflective Learner
4,1.0,4,201,5,589,3,90,22,Reflective Learner
3,1.0,4,183,4,532,3,81,22,Reflective Learner
2,1.0,3,232,5,538,3,95,25,Reflective Learner
4,1.0,3,236,5,532,3,81,24,Reflective Learner
4,1.0,4,184,4,468,2,90,25,Reflective Learner
2,1.0,4,205,6,589,2,92,22,Reflective Learner
2,0.5,4,211,4,410,4,88,21,Reflective Learner
2,1.0,3,227,6,497,4,87,22,Reflective Learner
4,0.5,3,240,6,376,4,81,23,Reflective Learner
2,1.0,3,205,5,431,3,83,22,Reflective Learner
4,0.5,4,225,4,498,4,93,22,Reflective Learner
3,1.0,3,237,6,477,3,85,20,Reflective Learner
3,0.5,4,230,4,586,2,80,23,Reflective Learner
4,1.0,3,197,4,507,2,91,24,Reflective Learner
4,1.0,3,229,6,459,2,90,23,Reflective Learner
2,0.5,4,205,5,462,3,81,25,Reflective Learner
2,1.0,3,181,6,507,4,80,25,Reflective Learner
2,0.5,3,226,4,550,2,81,25,Reflective Learner
4,1.0,4,230,5,426,3,80,20,Reflective Learner
3,1.0,3,200,6,500,2,89,25,Reflective Learner
2,0.5,4,207,6,498,3,82,22,Reflective Learner
2,0.5,3,202,5,362,3,89,22,Reflective Learner
3,0.5,3,187,6,579,2,82,22,Reflective Learner
4,0.5,3,240,4,497,3,95,21,Reflective Learner
3,0.5,3,181,5,418,2,91,25,Reflective Learner
4,1.0,3,213,4,512,4,85,23,Reflective Learner
4,1.0,4,180,6,523,4,86,25,Reflective Learner
4,0.5,3,222,6,580,4,81,25,Reflective Learner
3,0.5,3,234,6,368,4,80,22,Reflective Learner
4,0.5,4,219,6,459,2,88,24,Reflective Learner
4,1.0,3,216,4,403,4,80,23,Reflective Learner
3,0.5,3,230,5,498,2,90,22,Reflective Learner
3,0.5,4,239,6,480,4,86,24,Reflective Learner
4,0.5,4,232,4,474,4,82,24,Reflective Learner
3,0.5,3,194,5,596,4,88,25,Reflective Learner
2,1.0,3,214,6,488,4,88,24,Reflective Learner
4,0.5,3,229,5,459,4,91,23,Reflective Learner
2,1.0,4,197,6,376,4,83,25,Reflective Learner
4,1.0,3,221,5,429,2,88,20,Reflective Learner
3,1.0,4,181,5,576,2,93,24,Reflective Learner
3,0.5,3,233,5,468,4,84,22,Reflective Learner
2,1.0,3,217,5,579,2,93,22,Reflective Learner
3,0.5,4,225,6,488,3,91,24,Reflective Learner
4,1.0,3,230,6,492,2,86,21,Reflective Learner
2,1.0,3,193,4,463,3,94,25,Reflective Learner
4,0.5,4,207,6,494,4,95,22,Reflective Learner
4,1.0,4,232,5,376,4,83,22,Reflective Learner
4,1.0,3,190,5,373,3,95,21,Reflective Learner
3,1.0,4,230,4,474,3,80,22,Reflective Learner
2,0.5,4,197,5,504,3,82,25,Reflective Learner
4,1.0,4,215,5,492,3,80,20,Reflective Learner
3,0.5,3,211,5,463,3,85,23,Reflective Learner
3,0.5,4,221,4,430,4,94,25,Reflective Learner
4,1.0,3,231,6,530,2,89,22,Reflective Learner
4,0.5,4,201,5,505,3,89,23,Reflective Learner
2,1.0,4,190,5,371,3,81,22,Reflective Learner
4,0.5,3,205,4,469,3,88,20,Reflective Learner
3,0.5,4,217,4,531,2,86,23,Reflective Learner
4,0.5,3,225,6,548,2,87,25,Reflective Learner
3,1.0,3,225,4,429,3,84,23,Reflective Learner
4,1.0,4,200,6,582,4,83,22,Reflective Learner
4,0.5,4,237,6,517,4,95,20,Reflective Learner
4,1.0,4,185,5,465,4,88,25,Reflective Learner
4,0.5,4,187,6,511,4,86,25,Reflective Learner
3,1.0,4,181,5,570,3,81,25,Reflective Learner
2,0.5,3,236,6,414,2,92,22,Reflective Learner
3,1.0,4,190,4,396,3,87,23,Reflective Learner
3,0.5,3,216,5,466,4,86,22,Reflective Learner
4,0.5,3,229,5,380,3,90,21,Reflective Learner
3,1.0,3,226,6,561,4,82,21,Reflective Learner
3,1.0,3,237,4,593,2,88,22,Reflective Learner
2,0.5,3,183,6,505,2,93,23,Reflective Learner
4,1.0,4,204,4,596,2,87,20,Reflective Learner
3,1.0,4,210,4,376,2,80,24,Reflective Learner
2,0.5,3,222,5,512,3,83,22,Reflective Learner
2,0.5,3,217,4,466,3,80,25,Reflective Learner
4,1.0,4,214,5,426,3,88,21,Reflective Learner
2,1.0,3,198,6,435,2,85,20,Reflective Learner
3,1.0,4,186,6,491,3,82,21,Reflective Learner
3,1.0,4,206,4,514,2,90,25,Reflective Learner
2,1.0,3,195,5,399,3,82,21,Reflective Learner
2,1.0,4,213,5,508,2,85,24,Reflective Learner
4,1.0,4,228,4,583,2,95,25,Reflective Learner
3,0.5,4,213,5,362,2,81,21,Reflective Learner
2,1.0,3,215,5,571,2,83,23,Reflective Learner
2,1.0,4,182,6,506,3,85,21,Reflective Learner
3,0.5,4,219,4,442,3,88,22,Reflective Learner
4,1.0,3,206,4,537,3,83,21,Reflective Learner
4,1.0,4,187,6,508,3,95,24,Reflective Learner
2,0.5,4,193,6,545,2,80,25,Reflective Learner
4,0.5,3,227,4,379,2,95,21,Reflective Learner
4,0.5,3,235,4,374,4,88,21,Reflective Learner
2,0.5,4,210,5,514,4,80,24,Reflective Learner
2,0.5,3,239,6,433,2,81,22,Reflective Learner
4,0.5,4,190,4,417,2,81,23,Reflective Learner
3,0.5,3,198,4,461,2,84,24,Reflective Learner
4,0.5,4,236,6,534,2,85,20,Reflective Learner
2,0.5,4,190,6,403,2,90,25,Reflective Learner
2,1.0,4,220,6,594,3,84,22,Reflective Learner
2,0.5,4,193,6,461,4,91,23,Reflective Learner
2,1.0,3,200,6,396,4,84,22,Reflective Learner
3,0.5,3,209,4,377,4,84,24,Reflective Learner
2,1.0,4,201,4,566,3,84,23,Reflective Learner
4,1.0,4,233,4,387,3,85,21,Reflective Learner
3,1.0,3,239,4,460,3,93,21,Reflective Learner
4,0.5,4,210,6,521,2,83,25,Reflective Learner
3,1.0,4,212,5,483,3,84,23,Reflective Learner
2,0.5,3,183,4,423,2,95,21,Reflective Learner
3,0.5,3,194,4,386,3,90,20,Reflective Learner
2,1.0,4,182,4,531,2,83,20,Reflective Learner
4,0.5,4,232,5,478,4,93,25,Reflective Learner
4,0.5,3,193,5,371,4,82,25,Reflective Learner
2,1.0,4,200,4,403,4,82,22,Reflective Learner
3,0.5,4,231,6,495,2,87,21,Reflective Learner
3,1.0,3,223,4,400,2,91,22,Reflective Learner
2,0.5,3,217,5,454,4,83,20,Reflective Learner
2,0.5,4,182,5,390,4,92,23,Reflective Learner
4,0.5,3,214,5,552,3,82,23,Reflective Learner
2,0.5,3,214,6,511,2,92,25,Reflective Learner
3,0.5,3,199,6,548,3,81,21,Reflective Learner
2,0.5,4,225,4,372,3,87,21,Reflective Learner
3,0.5,3,236,5,450,4,90,20,Reflective Learner
2,0.5,4,195,4,424,3,84,22,Reflective Learner
3,0.5,4,200,5,510,2,89,23,Reflective Learner
3,1.0,3,199,5,557,4,91,20,Reflective Learner
3,1.0,3,230,5,414,4,90,24,Reflective Learner
3,1.0,3,184,4,545,2,86,22,Reflective Learner
2,1.0,3,234,4,499,2,92,24,Reflective Learner
3,0.5,4,227,4,558,2,91,22,Reflective Learner
4,0.5,4,209,4,379,4,85,20,Reflective Learner
3,1.0,4,215,5,598,3,91,20,Reflective Learner
2,0.5,4,234,6,464,3,94,23,Reflective Learner
4,1.0,4,226,4,427,4,93,23,Reflective Learner
4,0.5,4,196,4,404,2,91,24,Reflective Learner
4,0.5,4,183,5,597,2,92,25,Reflective Learner
4,1.0,3,220,6,572,4,92,20,Reflective Learner
4,1.0,4,188,4,391,3,84,21,Reflective Learner
4,1.0,3,185,4,467,2,91,21,Reflective Learner
3,0.5,4,239,5,536,4,83,20,Reflective Learner
2,0.5,3,208,5,502,2,85,20,Reflective Learner
3,1.0,4,219,6,405,4,94,20,Reflective Learner
2,0.5,4,193,4,446,4,84,23,Reflective Learner
4,1.0,3,186,4,448,4,93,20,Reflective Learner
3,0.5,4,183,5,429,3,86,21,Reflective Learner
4,1.0,4,201,5,591,2,83,20,Reflective Learner
3,1.0,4,180,6,408,4,81,24,Reflective Learner
3,0.5,3,205,5,530,3,88,23,Reflective Learner
4,1.0,4,199,5,579,3,87,25,Reflective Learner
3,0.5,4,212,4,551,2,88,20,Reflective Learner
3,0.5,3,215,4,552,3,80,21,Reflective Learner
3,1.0,3,198,6,398,3,84,22,Reflective Learner
4,1.0,4,207,4,392,2,80,23,Reflective Learner
4,0.5,3,184,5,548,4,84,20,Reflective Learner
2,0.5,3,198,6,539,2,94,21,Reflective Learner
3,0.5,4,239,6,538,4,82,22,Reflective Learner
3,1.0,3,240,4,460,4,91,20,Reflective Learner
3,1.0,3,209,4,486,3,80,22,Reflective Learner
2,1.0,3,237,6,363,2,88,24,Reflective Learner
4,0.5,3,210,6,430,3,94,23,Reflective Learner
4,0.5,3,187,4,487,3,85,22,Reflective Learner
2,0.5,4,232,5,390,3,83,22,Reflective Learner
2,0.5,4,205,4,391,2,89,25,Reflective Learner
3,0.5,4,217,6,370,3,84,23,Reflective Learner
2,1.0,3,219,6,410,2,94,23,Reflective Learner
4,0.5,3,198,4,599,3,93,25,Reflective Learner
4,0.5,4,224,5,527,3,90,20,Reflective Learner
4,1.0,3,210,5,588,3,90,20,Reflective Learner
3,1.0,4,202,4,421,4,89,22,Reflective Learner
4,1.0,3,198,4,504,4,91,21,Reflective Learner
2,0.5,4,225,6,574,4,87,21,Reflective Learner
2,0.5,4,195,5,444,4,95,20,Reflective Learner
2,1.0,4,187,4,518,4,85,25,Reflective Learner
4,1.0,3,233,4,526,2,80,23,Reflective Learner
3,0.5,3,200,5,560,2,91,24,Reflective Learner
2,1.0,4,219,6,593,3,90,20,Reflective Learner
2,0.5,3,223,5,508,3,95,22,Reflective Learner
3,0.5,4,231,6,500,4,86,23,Reflective Learner
2,0.5,3,218,5,569,2,86,23,Reflective Learner
3,1.0,4,223,6,524,2,88,24,Reflective Learner
3,0.5,3,231,6,447,4,86,24,Reflective Learner
2,1.0,4,237,4,511,4,92,22,Reflective Learner
2,0.5,4,182,4,492,2,86,24,Reflective Learner
3,0.5,4,225,6,415,2,92,21,Reflective Learner
3,1.0,3,190,6,484,3,86,20,Reflective Learner
2,1.0,3,234,4,510,3,83,25,Reflective Learner
3,0.5,3,182,5,577,2,95,20,Reflective Learner
3,0.5,4,195,6,499,3,88,21,Reflective Learner
2,0.5,3,191,6,399,4,91,20,Reflective Learner
3,0.5,4,216,4,598,4,89,21,Reflective Learner
2,0.5,3,180,6,499,4,85,22,Reflective Learner
2,1.0,3,181,5,429,3,95,20,Reflective Learner
2,0.5,4,210,6,541,4,85,22,Reflective Learner
2,1.0,3,239,4,452,2,95,25,Reflective Learner
2,1.0,3,212,5,449,2,86,20,Reflective Learner
4,1.0,4,207,4,562,2,80,25,Reflective Learner
2,1.0,4,220,5,569,4,80,22,Reflective Learner
4,1.0,4,213,4,486,3,95,23,Reflective Learner
4,0.5,4,203,5,449,2,88,22,Reflective Learner
4,0.5,4,215,6,568,4,86,21,Reflective Learner
4,1.0,4,180,5,401,2,92,20,Reflective Learner
2,0.5,3,194,4,540,3,89,23,Reflective Learner
3,1.0,3,221,5,500,2,90,25,Reflective Learner
4,1.0,3,200,5,565,2,90,23,Reflective Learner
3,1.0,4,183,6,461,2,83,23,Reflective Learner
2,0.5,4,187,4,560,2,81,23,Reflective Learner
3,0.5,3,232,4,363,3,91,22,Reflective Learner
4,0.5,4,200,5,542,2,80,20,Reflective Learner
4,0.5,3,181,6,376,2,91,23,Reflective Learner
3,0.5,4,224,5,514,3,82,25,Reflective Learner
2,0.5,4,212,4,407,3,84,21,Reflective Learner
2,0.5,4,207,4,592,3,91,25,Reflective Learner
2,1.0,4,234,6,545,3,89,25,Reflective Learner
3,1.0,4,199,6,385,4,92,21,Reflective Learner
2,1.0,3,214,4,574,4,89,23,Reflective Learner
3,0.5,3,225,4,420,2,80,24,Reflective Learner
2,0.5,4,217,4,491,4,93,22,Reflective Learner
2,1.0,3,192,5,380,3,83,24,Reflective Learner
2,0.5,3,221,6,385,3,82,25,Reflective Learner
2,0.5,3,225,4,418,4,94,23,Reflective Learner
4,1.0,4,187,6,488,2,83,25,Reflective Learner
4,1.0,4,190,4,490,3,88,24,Reflective Learner
4,1.0,4,221,6,566,4,87,24,Reflective Learner
3,0.5,4,187,4,399,4,92,25,Reflective Learner
2,0.5,4,233,6,540,2,80,21,Reflective Learner
4,0.5,4,186,5,361,3,81,20,Reflective Learner
3,1.0,4,239,4,430,2,86,20,Reflective Learner
4,0.5,3,220,4,402,2,87,21,Reflective Learner
3,0.5,4,207,6,389,2,92,24,Reflective Learner
3,0.5,3,196,5,500,3,89,23,Reflective Learner
3,0.5,4,201,5,577,4,82,22,Reflective Learner
2,0.5,4,225,6,520,3,95,20,Reflective Learner
3,1.0,4,225,5,565,3,87,24,Reflective Learner
4,1.0,4,192,5,502,4,95,22,Reflective Learner
2,1.0,4,213,5,372,3,95,24,Reflective Learner
2,0.5,4,240,4,443,4,80,20,Reflective Learner
4,1.0,3,195,4,558,3,88,21,Reflective Learner
3,1.0,3,222,4,370,2,86,20,Reflective Learner
4,0.5,4,190,5,383,3,87,21,Reflective Learner
3,1.0,4,230,5,560,3,84,25,Reflective Learner
3,0.5,3,190,6,375,3,88,22,Reflective Learner
4,1.0,4,198,6,591,4,87,22,Reflective Learner
3,0.5,4,208,4,542,2,82,21,Reflective Learner
2,0.5,4,202,6,520,3,84,21,Reflective Learner
3,0.5,3,190,6,489,3,82,24,Reflective Learner
2,1.0,4,219,5,381,2,93,25,Reflective Learner
3,0.5,3,181,5,459,3,90,24,Reflective Learner
4,1.0,3,239,4,554,4,86,24,Reflective Learner
2,0.5,4,183,4,577,3,86,22,Reflective Learner
4,1.0,4,200,4,467,2,81,20,Reflective Learner
3,0.5,3,236,5,562,2,84,24,Reflective Learner
2,0.5,3,189,5,547,3,94,24,Reflective Learner
2,0.5,3,184,4,373,4,80,23,Reflective Learner
4,0.5,4,225,4,509,2,82,20,Reflective Learner
4,0.5,4,184,4,508,2,93,24,Reflective Learner
4,0.5,3,234,5,490,4,88,25,Reflective Learner
3,1.0,3,207,6,546,2,80,21,Reflective Learner
3,0.5,4,233,5,574,2,87,20,Reflective Learner
3,0.5,3,194,4,492,2,91,24,Reflective Learner
3,0.5,3,188,4,437,4,85,21,Reflective Learner
2,1.0,3,238,4,596,3,86,24,Reflective Learner
2,0.5,4,226,6,592,2,90,24,Reflective Learner
4,1.0,3,235,6,525,2,89,21,Reflective Learner
3,0.5,3,199,4,514,4,94,20,Reflective Learner
2,1.0,3,204,4,385,4,83,23,Reflective Learner
4,0.5,3,215,4,456,2,84,22,Reflective Learner
2,0.5,3,207,6,407,2,82,25,Reflective Learner
3,1.0,3,194,4,484,2,90,22,Reflective Learner
2,0.5,3,202,6,559,4,88,21,Reflective Learner
3,0.5,3,217,5,414,2,85,25,Reflective Learner
3,1.0,3,182,4,600,2,91,24,Reflective Learner
4,0.5,4,200,6,391,3,86,23,Reflective Learner
4,1.0,3,197,5,383,3,83,25,Reflective Learner
4,0.5,4,184,6,594,3,88,24,Reflective Learner
2,0.5,4,187,4,384,4,86,25,Reflective Learner
2,0.5,4,210,5,537,2,86,24,Reflective Learner
4,0.5,4,186,5,543,3,87,22,Reflective Learner
4,0.5,4,201,5,439,3,94,20,Reflective Learner
2,1.0,3,214,4,375,2,83,23,Reflective Learner
2,1.0,3,233,5,434,4,84,24,Reflective Learner
3,0.5,3,186,6,376,3,89,25,Reflective Learner
2,1.0,4,206,6,522,3,80,24,Reflective Learner
2,1.0,4,186,4,574,4,82,23,Reflective Learner
4,1.0,4,206,6,600,2,89,23,Reflective Learner
3,0.5,4,209,6,552,4,88,20,Reflective Learner
2,1.0,3,228,4,546,4,90,20,Reflective Learner
3,0.5,3,206,4,572,2,81,20,Reflective Learner
3,1.0,3,237,6,545,4,93,25,Reflective Learner
3,1.0,3,188,4,516,4,87,24,Reflective Learner
4,0.5,4,183,4,600,3,82,21,Reflective Learner
2,0.5,3,180,5,437,3,84,22,Reflective Learner
3,0.5,4,201,5,459,4,83,22,Reflective Learner
4,1.0,4,191,5,578,2,87,21,Reflective Learner
3,1.0,3,185,5,434,2,87,22,Reflective Learner
4,0.5,4,194,6,431,3,86,22,Reflective Learner
3,0.5,3,239,6,396,4,87,24,Reflective Learner
3,0.5,4,228,4,426,3,94,24,Reflective Learner
4,0.5,4,181,4,503,2,95,20,Reflective Learner
3,1.0,3,235,4,573,3,87,22,Reflective Learner
4,0.5,4,192,5,392,2,95,25,Reflective Learner
4,0.5,3,204,5,524,4,93,25,Reflective Learner
4,1.0,4,199,6,544,3,93,24,Reflective Learner
2,0.5,3,204,5,575,3,83,24,Reflective Learner
3,1.0,3,226,4,540,3,87,20,Reflective Learner
4,1.0,3,223,6,397,4,85,25,Reflective Learner
3,0.5,3,216,4,477,4,81,24,Reflective Learner
2,1.0,3,218,6,589,3,81,25,Reflective Learner
2,1.0,4,224,6,578,3,89,25,Reflective Learner
4,1.0,4,191,6,507,2,86,21,Reflective Learner
2,0.5,4,204,6,592,3,93,20,Reflective Learner
2,0.5,3,186,4,520,3,90,23,Reflective Learner
4,0.5,3,222,5,375,3,81,22,Reflective Learner
2,0.5,4,206,5,580,4,93,20,Reflective Learner
4,0.5,3,218,5,400,4,87,21,Reflective Learner
3,1.0,3,214,6,451,3,89,25,Reflective Learner
4,1.0,3,196,5,417,3,95,22,Reflective Learner
3,0.5,3,188,4,533,2,90,21,Reflective Learner
4,0.5,3,239,6,367,3,80,23,Reflective Learner
4,0.5,4,197,5,514,4,82,23,Reflective Learner
2,0.5,3,186,6,568,4,86,21,Reflective Learner
4,1.0,4,198,4,549,4,80,25,Reflective Learner
4,0.5,3,235,6,433,3,82,23,Reflective Learner
2,0.5,3,195,4,576,4,92,20,Reflective Learner
2,1.0,4,240,5,447,4,82,21,Reflective Learner
2,0.5,4,208,6,523,3,82,25,Reflective Learner
2,0.5,3,232,5,482,2,88,20,Reflective Learner
3,0.5,3,219,4,376,3,81,20,Reflective Learner
4,1.0,4,182,6,360,4,84,23,Reflective Learner
3,0.5,3,211,6,404,3,95,22,Reflective Learner
2,1.0,4,205,4,585,4,90,21,Reflective Learner
3,1.0,3,192,4,589,4,95,22,Reflective Learner
2,0.5,4,213,4,458,2,85,21,Reflective Learner
4,1.0,3,186,4,593,4,89,22,Reflective Learner
2,1.0,4,222,5,371,3,83,21,Reflective Learner
4,0.5,4,230,4,593,4,86,23,Reflective Learner
6,1.0,4,157,2,293,3,85,15,Balanced Learner
6,1.0,5,152,3,343,2,84,10,Balanced Learner
4,1.0,4,151,3,336,1,81,15,Balanced Learner
4,1.0,5,151,3,272,3,81,14,Balanced Learner
4,1.0,5,137,3,263,3,88,14,Balanced Learner
5,1.5,5,172,2,349,1,88,10,Balanced Learner
5,1.5,4,141,2,311,2,86,15,Balanced Learner
6,1.5,5,157,2,342,1,89,13,Balanced Learner
6,1.0,4,160,3,351,3,80,12,Balanced Learner
6,1.0,5,152,3,291,3,87,14,Balanced Learner
4,1.5,5,157,3,245,1,88,12,Balanced Learner
4,1.0,4,122,3,349,3,82,11,Balanced Learner
6,1.0,5,139,2,310,2,85,11,Balanced Learner
6,1.5,5,147,3,254,2,88,13,Balanced Learner
4,1.0,4,144,3,304,1,86,13,Balanced Learner
4,1.5,4,175,3,243,3,82,11,Balanced Learner
6,1.0,4,174,3,275,2,87,11,Balanced Learner
5,1.0,4,163,3,282,3,88,15,Balanced Learner
6,1.5,5,141,2,294,1,80,13,Balanced Learner
5,1.0,5,123,3,308,2,86,15,Balanced Learner
6,1.5,5,166,2,341,1,85,11,Balanced Learner
6,1.0,4,173,3,282,3,84,11,Balanced Learner
4,1.0,5,149,3,328,2,80,11,Balanced Learner
4,1.5,5,170,3,353,3,80,13,Balanced Learner
6,1.5,5,176,2,330,1,88,14,Balanced Learner
4,1.5,4,153,2,270,3,89,13,Balanced Learner
4,1.5,4,132,3,322,1,84,11,Balanced Learner
6,1.5,5,121,3,274,2,90,15,Balanced Learner
4,1.5,5,166,2,297,1,90,13,Balanced Learner
4,1.0,4,154,3,316,1,87,12,Balanced Learner
4,1.5,5,129,3,275,2,86,10,Balanced Learner
5,1.5,5,123,3,240,1,90,13,Balanced Learner
5,1.0,5,179,2,341,2,86,13,Balanced Learner
6,1.5,4,139,3,328,3,90,15,Balanced Learner
6,1.0,5,139,2,254,1,90,11,Balanced Learner
5,1.0,4,158,3,285,3,82,10,Balanced Learner
6,1.0,5,142,3,271,1,87,15,Balanced Learner
4,1.5,4,175,2,358,1,88,13,Balanced Learner
5,1.0,4,161,3,353,2,89,10,Balanced Learner
4,1.0,5,141,2,323,2,83,10,Balanced Learner
4,1.0,5,136,3,293,2,89,12,Balanced Learner
6,1.0,5,172,2,246,1,85,13,Balanced Learner
4,1.0,5,156,3,269,2,84,11,Balanced Learner
5,1.5,5,176,2,251,1,81,12,Balanced Learner
5,1.5,5,141,2,335,1,83,14,Balanced Learner
4,1.0,4,121,2,250,3,90,15,Balanced Learner
6,1.5,5,174,3,321,1,87,12,Balanced Learner
4,1.5,4,134,2,355,2,87,12,Balanced Learner
4,1.0,5,171,2,277,2,89,12,Balanced Learner
5,1.5,4,163,2,322,1,82,10,Balanced Learner
4,1.5,4,134,2,346,3,87,10,Balanced Learner
6,1.0,5,166,2,291,2,84,15,Balanced Learner
4,1.5,4,124,3,294,3,89,10,Balanced Learner
4,1.0,5,143,3,264,2,84,14,Balanced Learner
4,1.0,4,141,3,291,3,89,11,Balanced Learner
4,1.5,4,160,3,345,3,88,14,Balanced Learner
4,1.0,5,152,3,320,1,88,15,Balanced Learner
5,1.0,5,157,2,264,3,90,14,Balanced Learner
4,1.5,5,149,3,303,3,88,14,Balanced Learner
4,1.5,5,165,2,325,2,83,11,Balanced Learner
4,1.0,5,129,3,249,1,85,13,Balanced Learner
4,1.0,4,163,2,332,2,85,13,Balanced Learner
5,1.0,5,123,3,264,3,80,12,Balanced Learner
6,1.0,4,125,2,275,2,86,10,Balanced Learner
4,1.5,4,164,2,290,1,84,15,Balanced Learner
6,1.5,4,129,2,301,2,84,11,Balanced Learner
6,1.0,4,166,3,350,3,81,15,Balanced Learner
4,1.0,4,128,2,266,1,85,15,Balanced Learner
5,1.5,5,128,2,270,2,86,10,Balanced Learner
5,1.5,4,176,2,285,1,81,14,Balanced Learner
5,1.0,5,130,3,343,3,86,13,Balanced Learner
4,1.5,5,175,3,356,3,81,11,Balanced Learner
5,1.0,4,141,3,294,3,81,14,Balanced Learner
4,1.0,4,168,3,323,2,84,10,Balanced Learner
6,1.5,5,177,2,350,1,84,11,Balanced Learner
5,1.5,5,127,3,342,2,90,15,Balanced Learner
4,1.5,4,140,2,322,3,80,14,Balanced Learner
5,1.5,5,155,2,305,1,83,10,Balanced Learner
6,1.0,4,172,2,359,1,88,10,Balanced Learner
6,1.5,5,131,2,268,3,82,11,Balanced Learner
4,1.0,4,131,2,283,2,90,10,Balanced Learner
6,1.0,5,142,3,326,1,88,11,Balanced Learner
4,1.5,4,132,3,242,1,90,13,Balanced Learner
4,1.0,4,136,2,300,2,90,10,Balanced Learner
4,1.0,4,127,2,343,2,81,11,Balanced Learner
6,1.5,4,170,3,261,3,85,11,Balanced Learner
6,1.5,4,168,2,337,3,88,15,Balanced Learner
5,1.5,4,128,3,289,2,80,15,Balanced Learner
6,1.0,4,152,2,344,2,84,15,Balanced Learner
4,1.5,5,159,3,316,3,87,12,Balanced Learner
4,1.0,5,158,3,259,3,88,13,Balanced Learner
6,1.5,5,180,2,328,1,84,13,Balanced Learner
6,1.5,4,159,2,246,3,89,15,Balanced Learner
4,1.5,4,161,3,269,3,87,14,Balanced Learner
4,1.5,4,122,2,347,1,80,15,Balanced Learner
5,1.0,4,124,2,345,3,83,13,Balanced Learner
4,1.0,4,157,2,245,1,90,15,Balanced Learner
6,1.5,5,175,2,285,2,80,14,Balanced Learner
6,1.5,4,144,3,251,2,81,14,Balanced Learner
4,1.0,4,159,2,272,3,83,13,Balanced Learner
4,1.0,5,132,2,357,3,90,12,Balanced Learner
6,1.0,5,147,3,263,2,87,13,Balanced Learner
5,1.0,4,165,3,317,2,81,12,Balanced Learner
4,1.5,4,160,3,337,3,84,13,Balanced Learner
4,1.0,5,126,3,346,3,90,11,Balanced Learner
6,1.0,4,173,2,282,3,82,14,Balanced Learner
6,1.5,5,176,3,324,3,86,13,Balanced Learner
4,1.0,4,149,2,298,3,85,14,Balanced Learner
6,1.0,4,140,3,252,3,88,11,Balanced Learner
4,1.5,4,152,3,266,3,88,14,Balanced Learner
4,1.0,4,168,3,330,1,89,14,Balanced Learner
5,1.5,4,147,3,323,2,81,10,Balanced Learner
5,1.5,4,121,2,303,1,84,12,Balanced Learner
6,1.5,5,124,2,334,2,87,14,Balanced Learner
6,1.0,5,169,3,323,2,84,15,Balanced Learner
4,1.5,4,168,2,281,1,87,14,Balanced Learner
5,1.5,5,167,3,275,3,86,12,Balanced Learner
6,1.0,5,127,3,354,3,84,11,Balanced Learner
5,1.5,4,130,2,357,2,81,15,Balanced Learner
4,1.5,4,144,3,243,3,90,15,Balanced Learner
4,1.5,4,134,3,335,1,89,15,Balanced Learner
5,1.0,4,143,3,256,2,89,11,Balanced Learner
5,1.5,5,154,2,344,1,83,12,Balanced Learner
5,1.0,4,137,2,311,1,83,11,Balanced Learner
4,1.0,4,127,2,323,1,83,15,Balanced Learner
4,1.0,4,144,2,324,2,80,15,Balanced Learner
5,1.0,4,164,2,313,2,81,11,Balanced Learner
6,1.0,4,157,2,270,3,83,11,Balanced Learner
5,1.5,4,139,2,337,2,90,13,Balanced Learner
5,1.5,4,138,2,307,3,82,12,Balanced Learner
6,1.0,4,155,3,305,2,85,12,Balanced Learner
6,1.0,5,130,3,278,1,86,12,Balanced Learner
6,1.5,5,170,3,241,1,83,14,Balanced Learner
5,1.5,5,173,2,307,1,90,15,Balanced Learner
6,1.5,5,121,3,281,2,81,15,Balanced Learner
5,1.0,5,179,3,319,2,89,12,Balanced Learner
5,1.0,4,121,2,284,3,88,14,Balanced Learner
5,1.0,4,147,3,357,1,83,14,Balanced Learner
6,1.0,4,160,2,322,1,88,11,Balanced Learner
6,1.5,5,139,3,295,3,84,14,Balanced Learner
4,1.0,4,132,2,325,1,90,12,Balanced Learner
6,1.5,5,122,3,318,2,80,13,Balanced Learner
4,1.5,5,164,2,315,1,80,14,Balanced Learner
5,1.5,4,122,3,309,2,85,15,Balanced Learner
6,1.0,5,149,3,352,3,90,15,Balanced Learner
5,1.0,4,143,2,278,1,80,14,Balanced Learner
4,1.0,4,179,2,292,2,88,13,Balanced Learner
5,1.0,5,176,2,270,2,90,12,Balanced Learner
5,1.5,4,169,2,308,3,85,12,Balanced Learner
5,1.5,5,164,2,359,3,89,15,Balanced Learner
4,1.0,4,153,3,313,1,88,11,Balanced Learner
5,1.5,4,141,3,265,2,82,13,Balanced Learner
4,1.5,5,130,3,351,3,89,14,Balanced Learner
5,1.0,4,179,3,335,1,87,10,Balanced Learner
6,1.5,4,143,3,293,3,80,13,Balanced Learner
6,1.5,5,146,2,257,1,86,11,Balanced Learner
5,1.5,4,128,3,288,2,87,11,Balanced Learner
6,1.5,4,136,2,337,3,88,13,Balanced Learner
4,1.0,4,158,3,309,2,88,10,Balanced Learner
6,1.5,5,146,2,262,3,85,10,Balanced Learner
5,1.5,5,155,2,259,2,83,12,Balanced Learner
6,1.0,5,132,2,357,1,82,13,Balanced Learner
6,1.5,4,125,3,294,3,80,10,Balanced Learner
5,1.5,5,174,3,323,2,87,12,Balanced Learner
5,1.0,4,146,3,283,1,90,11,Balanced Learner
6,1.0,5,142,2,250,1,80,13,Balanced Learner
4,1.5,5,137,3,289,2,87,11,Balanced Learner
4,1.5,4,160,3,323,2,86,10,Balanced Learner
5,1.0,5,154,2,280,3,81,13,Balanced Learner
5,1.0,5,143,3,313,1,82,15,Balanced Learner
6,1.5,5,176,3,293,2,83,13,Balanced Learner
4,1.0,5,175,2,280,3,87,12,Balanced Learner
5,1.0,4,132,2,270,3,83,12,Balanced Learner
4,1.0,5,159,2,271,3,89,10,Balanced Learner
4,1.0,4,179,3,270,1,84,11,Balanced Learner
6,1.5,4,149,3,326,1,81,12,Balanced Learner
6,1.0,4,121,3,280,2,81,13,Balanced Learner
6,1.5,4,128,3,329,2,84,12,Balanced Learner
4,1.5,5,160,2,277,1,84,15,Balanced Learner
5,1.5,4,175,2,279,1,88,13,Balanced Learner
6,1.5,4,127,2,351,1,85,10,Balanced Learner
4,1.5,4,153,2,346,2,81,13,Balanced Learner
6,1.5,5,150,3,288,3,82,13,Balanced Learner
6,1.5,5,137,3,272,1,86,10,Balanced Learner
5,1.0,5,158,3,326,1,83,12,Balanced Learner
5,1.5,5,173,3,248,1,87,15,Balanced Learner
4,1.0,4,134,2,295,3,90,12,Balanced Learner
6,1.0,5,123,3,312,3,83,12,Balanced Learner
6,1.0,5,141,2,321,2,86,11,Balanced Learner
6,1.5,5,139,3,252,1,89,10,Balanced Learner
6,1.5,4,164,3,240,1,82,11,Balanced Learner
5,1.0,4,152,3,273,3,85,14,Balanced Learner
6,1.5,5,121,3,254,2,83,15,Balanced Learner
4,1.0,4,140,2,301,1,86,13,Balanced Learner
6,1.0,4,164,3,351,3,88,14,Balanced Learner
4,1.0,4,149,3,274,2,81,13,Balanced Learner
5,1.5,4,154,3,294,2,82,13,Balanced Learner
4,1.0,4,136,2,266,2,80,12,Balanced Learner
4,1.0,5,139,2,245,1,80,10,Balanced Learner
5,1.5,4,127,3,325,3,80,12,Balanced Learner
5,1.0,5,124,2,271,3,87,15,Balanced Learner
4,1.5,4,122,3,306,1,89,13,Balanced Learner
6,1.5,5,158,2,322,3,84,14,Balanced Learner
4,1.0,4,129,3,341,1,89,10,Balanced Learner
6,1.5,5,155,2,262,2,88,11,Balanced Learner
4,1.5,5,178,3,310,3,88,11,Balanced Learner
5,1.0,5,162,2,350,1,88,12,Balanced Learner
4,1.0,4,155,3,298,3,82,15,Balanced Learner
6,1.0,5,127,2,244,1,85,12,Balanced Learner
6,1.0,4,149,3,271,3,85,13,Balanced Learner
4,1.0,4,174,2,336,2,87,13,Balanced Learner
4,1.0,4,143,3,335,1,88,12,Balanced Learner
5,1.5,5,170,3,278,3,81,15,Balanced Learner
6,1.0,5,163,3,263,1,87,11,Balanced Learner
4,1.0,5,136,2,275,3,89,10,Balanced Learner
4,1.0,5,128,2,269,3,81,14,Balanced Learner
5,1.5,4,121,2,329,1,84,13,Balanced Learner
4,1.0,4,136,2,341,2,89,11,Balanced Learner
4,1.0,4,140,3,245,2,80,15,Balanced Learner
4,1.0,4,160,3,329,2,81,10,Balanced Learner
5,1.0,5,154,2,331,2,88,11,Balanced Learner
6,1.0,5,149,3,314,1,81,10,Balanced Learner
5,1.5,5,164,2,345,2,87,11,Balanced Learner
4,1.5,5,166,3,244,1,89,14,Balanced Learner
5,1.0,5,163,2,324,3,85,14,Balanced Learner
5,1.0,5,174,3,255,3,85,13,Balanced Learner
4,1.0,4,141,2,348,1,84,15,Balanced Learner
4,1.0,5,170,2,300,3,84,10,Balanced Learner
4,1.0,5,145,2,250,3,84,13,Balanced Learner
6,1.5,5,131,2,330,1,86,10,Balanced Learner
6,1.0,5,128,3,330,3,89,15,Balanced Learner
4,1.0,5,125,3,296,3,90,13,Balanced Learner
4,1.0,5,178,2,277,1,89,14,Balanced Learner
5,1.5,4,130,2,242,2,81,13,Balanced Learner
4,1.5,4,170,3,349,3,83,12,Balanced Learner
6,1.0,5,167,3,262,2,88,14,Balanced Learner
6,1.0,5,146,2,341,1,86,15,Balanced Learner
4,1.5,4,175,3,311,2,83,11,Balanced Learner
4,1.5,4,175,3,322,2,83,15,Balanced Learner
4,1.5,5,176,3,324,3,81,14,Balanced Learner
5,1.5,5,150,3,343,2,83,10,Balanced Learner
6,1.5,4,138,2,244,2,84,15,Balanced Learner
5,1.0,5,122,2,359,3,84,11,Balanced Learner
4,1.5,4,171,3,245,2,86,13,Balanced Learner
4,1.0,4,173,2,360,3,83,10,Balanced Learner
4,1.0,5,152,2,271,3,82,11,Balanced Learner
4,1.0,5,124,3,342,3,89,13,Balanced Learner
5,1.0,5,170,2,250,1,84,14,Balanced Learner
5,1.0,4,138,3,295,3,82,14,Balanced Learner
4,1.0,4,153,2,305,3,86,12,Balanced Learner
4,1.0,5,160,2,355,1,85,14,Balanced Learner
6,1.5,5,128,2,254,2,86,10,Balanced Learner
6,1.5,5,123,2,244,2,82,15,Balanced Learner
5,1.0,4,124,3,318,2,87,11,Balanced Learner
5,1.5,5,178,3,245,3,82,13,Balanced Learner
5,1.0,4,178,3,334,3,89,15,Balanced Learner
5,1.5,5,146,3,244,1,84,11,Balanced Learner
4,1.5,5,145,2,357,2,84,12,Balanced Learner
5,1.5,4,144,2,304,3,84,14,Balanced Learner
6,1.0,4,141,3,354,2,84,15,Balanced Learner
5,1.5,5,153,2,255,3,87,11,Balanced Learner
6,1.0,4,141,3,273,2,85,13,Balanced Learner
5,1.5,4,157,3,295,3,81,11,Balanced Learner
4,1.5,5,143,3,243,3,86,13,Balanced Learner
5,1.0,5,158,3,252,1,82,12,Balanced Learner
6,1.0,4,177,3,279,3,81,10,Balanced Learner
5,1.0,5,132,3,329,1,89,15,Balanced Learner
5,1.5,4,123,3,325,3,83,13,Balanced Learner
4,1.5,4,152,2,250,3,86,12,Balanced Learner
6,1.5,4,127,2,247,1,81,10,Balanced Learner
5,1.5,4,134,3,319,1,83,10,Balanced Learner
4,1.5,5,168,2,283,2,84,12,Balanced Learner
5,1.5,5,145,3,335,1,81,13,Balanced Learner
4,1.0,4,153,2,276,2,90,11,Balanced Learner
6,1.5,4,167,3,283,1,83,14,Balanced Learner
6,1.0,4,127,3,266,1,86,12,Balanced Learner
4,1.5,4,149,3,272,2,86,10,Balanced Learner
6,1.5,5,122,3,325,3,84,13,Balanced Learner
4,1.0,5,150,2,297,1,86,11,Balanced Learner
5,1.5,4,133,2,319,1,86,10,Balanced Learner
5,1.0,5,175,2,249,1,80,10,Balanced Learner
4,1.5,4,135,2,304,1,87,11,Balanced Learner
6,1.0,4,132,3,295,1,81,13,Balanced Learner
6,1.0,5,120,3,350,1,84,15,Balanced Learner
5,1.5,4,128,2,291,2,84,11,Balanced Learner
4,1.0,5,133,2,252,1,84,10,Balanced Learner
6,1.5,4,133,3,324,3,80,11,Balanced Learner
5,1.0,4,165,3,258,2,87,11,Balanced Learner
6,1.0,5,174,3,349,3,84,11,Balanced Learner
5,1.0,5,172,3,286,2,80,11,Balanced Learner
4,1.0,5,178,2,334,2,80,15,Balanced Learner
4,1.0,5,174,2,319,2,85,12,Balanced Learner
4,1.5,4,147,2,296,3,87,13,Balanced Learner
4,1.5,4,143,2,310,1,86,14,Balanced Learner
4,1.5,4,159,2,262,3,87,10,Balanced Learner
4,1.0,5,139,2,248,1,88,11,Balanced Learner
6,1.5,4,156,3,332,1,89,12,Balanced Learner
6,1.5,5,180,2,355,3,90,12,Balanced Learner
4,1.5,4,132,3,344,3,89,10,Balanced Learner
4,1.5,5,166,3,276,1,88,13,Balanced Learner
6,1.0,4,177,3,283,2,84,11,Balanced Learner
5,1.0,5,152,3,283,2,85,11,Balanced Learner
5,1.5,4,141,3,325,1,86,13,Balanced Learner
6,1.5,5,135,2,315,2,81,15,Balanced Learner
5,1.5,4,130,2,336,3,87,15,Balanced Learner
6,1.5,5,139,3,354,2,86,15,Balanced Learner
5,1.5,5,165,3,287,2,85,12,Balanced Learner
5,1.0,5,151,2,320,3,89,10,Balanced Learner
4,1.0,5,133,2,300,1,87,11,Balanced Learner
5,1.0,5,153,2,355,2,90,12,Balanced Learner
6,1.5,4,169,2,282,1,90,11,Balanced Learner
5,1.5,5,120,3,262,3,89,11,Balanced Learner
4,1.0,4,121,2,285,1,83,10,Balanced Learner
5,1.5,5,178,3,314,3,82,11,Balanced Learner
6,1.5,5,165,3,355,2,83,13,Balanced Learner
6,1.5,5,155,3,340,1,87,12,Balanced Learner
5,1.5,4,175,2,242,3,89,10,Balanced Learner
6,1.5,4,155,2,301,1,89,13,Balanced Learner
4,1.5,4,151,2,259,1,87,15,Balanced Learner
5,1.0,4,132,3,283,2,87,12,Balanced Learner
5,1.0,5,169,3,354,3,90,11,Balanced Learner
4,1.5,5,166,2,359,2,87,11,Balanced Learner
6,1.0,4,138,2,258,2,81,12,Balanced Learner
6,1.5,4,164,3,257,2,85,11,Balanced Learner
4,1.5,4,164,3,324,1,83,15,Balanced Learner
4,1.5,5,125,3,289,1,87,15,Balanced Learner
6,1.0,4,129,3,292,1,86,12,Balanced Learner
6,1.5,5,156,3,345,1,83,15,Balanced Learner
6,1.0,4,158,2,351,3,83,15,Balanced Learner
4,1.5,5,160,2,348,2,80,10,Balanced Learner
6,1.5,4,142,3,334,2,83,12,Balanced Learner
6,1.5,4,170,2,358,3,89,13,Balanced Learner
6,1.5,4,147,3,327,3,87,12,Balanced Learner
6,1.0,5,132,3,347,3,90,12,Balanced Learner
6,1.0,5,127,2,305,2,90,12,Balanced Learner
5,1.5,4,173,2,246,3,89,14,Balanced Learner
4,1.0,4,163,2,338,3,81,11,Balanced Learner
4,1.0,5,148,3,352,1,83,13,Balanced Learner
6,1.5,4,132,3,277,1,80,11,Balanced Learner
6,1.5,4,125,3,291,2,81,15,Balanced Learner
4,1.5,4,129,3,309,3,82,10,Balanced Learner
5,1.5,5,126,3,318,3,83,10,Balanced Learner
4,1.0,4,152,2,321,3,80,10,Balanced Learner
4,1.5,5,132,2,287,3,89,12,Balanced Learner
5,1.5,4,127,3,343,1,85,13,Balanced Learner
5,1.0,5,137,3,338,2,87,15,Balanced Learner
5,1.0,4,162,3,354,1,87,12,Balanced Learner
5,1.5,5,150,2,309,2,90,11,Balanced Learner
5,1.5,5,129,2,249,1,81,12,Balanced Learner
6,1.0,4,165,2,342,1,83,10,Balanced Learner
4,1.0,4,149,2,249,3,83,12,Balanced Learner
4,1.0,4,131,3,263,3,86,14,Balanced Learner
5,1.0,4,162,2,274,3,85,10,Balanced Learner
5,1.0,4,180,2,262,2,88,14,Balanced Learner
6,1.5,5,152,3,327,1,86,11,Balanced Learner
6,1.5,5,129,3,293,2,82,14,Balanced Learner
5,1.0,5,138,2,266,3,86,14,Balanced Learner
4,1.0,5,156,3,240,2,90,14,Balanced Learner
4,1.0,5,180,3,266,1,86,14,Balanced Learner
5,1.5,4,176,3,323,2,86,14,Balanced Learner
5,1.5,4,176,2,336,3,81,11,Balanced Learner
5,1.0,4,170,3,275,1,80,10,Balanced Learner
4,1.0,5,155,3,248,3,82,12,Balanced Learner
6,1.5,4,159,3,307,3,80,13,Balanced Learner
5,1.5,4,164,3,334,3,84,13,Balanced Learner
5,1.5,5,163,2,248,2,89,14,Balanced Learner
4,1.0,4,158,3,336,1,84,11,Balanced Learner
6,1.5,4,128,3,260,1,87,15,Balanced Learner
5,1.5,4,173,3,271,2,89,12,Balanced Learner
4,1.5,4,120,2,315,2,88,11,Balanced Learner
4,1.0,4,145,3,246,1,87,14,Balanced Learner
5,1.5,4,146,3,276,3,88,10,Balanced Learner
4,1.0,5,180,3,256,3,83,12,Balanced Learner
6,1.5,4,125,2,265,2,84,14,Balanced Learner
6,1.5,5,149,2,333,3,84,14,Balanced Learner
6,1.5,4,141,3,267,2,88,11,Balanced Learner
5,1.5,4,125,3,245,2,84,10,Balanced Learner
5,1.0,4,133,2,265,2,90,10,Balanced Learner
5,1.5,5,145,2,250,2,82,10,Balanced Learner
5,1.0,5,175,2,315,3,81,14,Balanced Learner
5,1.0,4,143,2,357,1,87,14,Balanced Learner
5,1.5,5,173,2,260,3,88,13,Balanced Learner
6,1.5,4,164,2,328,3,87,13,Balanced Learner
4,1.0,4,169,2,283,3,83,11,Balanced Learner
4,1.5,5,172,3,248,1,80,11,Balanced Learner
6,1.5,5,163,2,323,1,83,10,Balanced Learner
6,1.0,4,164,3,265,2,85,14,Balanced Learner
6,1.5,4,129,2,302,3,84,10,Balanced Learner
5,1.5,4,163,2,301,3,90,10,Balanced Learner
5,1.0,5,122,2,312,3,89,14,Balanced Learner
4,1.5,4,164,2,256,1,88,13,Balanced Learner
4,1.5,5,159,3,270,2,80,12,Balanced Learner
6,1.5,5,166,2,329,3,81,11,Balanced Learner
5,1.5,4,159,2,352,2,84,10,Balanced Learner
5,1.5,4,142,3,241,3,86,12,Balanced Learner
4,1.5,5,142,3,290,1,87,12,Balanced Learner
5,1.5,4,156,2,346,2,83,13,Balanced Learner
6,1.5,5,148,2,274,2,81,10,Balanced Learner
5,1.5,5,140,2,294,3,83,11,Balanced Learner
5,1.5,5,149,3,349,1,88,10,Balanced Learner
6,1.5,4,152,3,357,1,90,12,Balanced Learner
4,1.5,4,134,2,319,1,90,11,Balanced Learner
4,1.5,4,158,2,323,1,86,11,Balanced Learner
5,1.5,4,139,3,314,3,81,13,Balanced Learner
5,1.0,5,136,3,274,3,90,12,Balanced Learner
6,1.0,4,145,3,347,1,81,11,Balanced Learner
4,1.5,5,126,3,244,3,82,14,Balanced Learner
4,1.5,5,156,3,247,2,90,12,Balanced Learner
5,1.0,5,164,2,312,3,85,12,Balanced Learner
5,1.5,5,178,2,341,1,82,12,Balanced Learner
6,1.0,5,137,3,338,3,85,10,Balanced Learner
5,1.0,4,152,3,322,2,80,12,Balanced Learner
5,1.0,5,150,2,285,3,83,13,Balanced Learner
4,1.0,5,164,2,283,2,90,10,Balanced Learner
5,1.5,4,158,3,291,3,83,13,Balanced Learner
5,1.5,4,169,2,271,2,89,10,Balanced Learner
5,1.0,5,171,3,290,3,85,13,Balanced Learner
5,1.0,4,126,2,252,2,87,10,Balanced Learner
5,1.0,4,141,2,278,1,87,11,Balanced Learner
4,1.5,5,159,3,353,3,86,12,Balanced Learner
4,1.0,5,153,2,325,3,80,13,Balanced Learner
4,1.0,5,149,2,257,2,90,14,Balanced Learner
5,1.0,5,130,2,274,1,85,12,Balanced Learner
6,1.0,5,154,3,271,3,87,10,Balanced Learner
6,1.5,5,165,3,274,3,86,12,Balanced Learner
4,1.5,5,122,2,323,3,87,14,Balanced Learner
4,1.0,5,156,2,348,3,83,10,Balanced Learner
5,1.0,5,175,2,325,2,89,14,Balanced Learner
4,1.5,5,154,2,299,1,82,12,Balanced Learner
5,1.0,5,178,2,259,1,87,10,Balanced Learner
5,1.5,5,141,3,257,1,86,14,Balanced Learner
6,1.5,4,120,2,338,1,85,10,Balanced Learner
5,1.0,5,161,2,321,3,80,12,Balanced Learner
6,1.5,5,132,3,301,3,84,11,Balanced Learner
5,1.5,5,120,2,309,1,80,13,Balanced Learner
6,1.0,5,130,3,342,2,85,10,Balanced Learner
5,1.5,5,176,3,338,1,87,10,Balanced Learner
5,1.5,4,167,3,250,2,85,13,Balanced Learner
5,1.5,4,136,2,287,3,88,15,Balanced Learner
5,1.5,4,156,2,245,3,83,10,Balanced Learner
6,1.5,4,140,2,286,3,83,12,Balanced Learner
5,1.5,4,130,2,317,1,84,14,Balanced Learner
4,1.5,4,180,3,265,3,82,11,Balanced Learner
5,1.0,4,169,3,258,3,88,12,Balanced Learner
5,1.5,4,142,2,299,2,88,15,Balanced Learner
5,1.0,5,141,2,303,1,84,14,Balanced Learner
4,1.5,5,169,3,326,1,88,11,Balanced Learner
4,1.5,4,148,2,241,3,80,14,Balanced Learner
4,1.0,5,142,3,270,1,81,14,Balanced Learner
5,1.5,5,143,3,334,1,83,13,Balanced Learner
4,1.5,5,147,3,322,2,84,12,Balanced Learner
5,1.0,4,151,2,348,1,82,15,Balanced Learner
4,1.5,5,122,3,338,3,85,15,Balanced Learner
4,1.5,4,149,2,341,3,88,15,Balanced Learner
4,1.5,4,146,2,301,1,85,14,Balanced Learner
4,1.0,4,136,2,355,1,84,12,Balanced Learner
4,1.5,5,141,3,290,1,80,10,Balanced Learner
6,1.5,4,145,3,349,3,83,10,Balanced Learner
4,1.0,5,142,2,287,2,88,15,Balanced Learner
5,1.5,5,175,2,293,2,88,12,Balanced Learner
5,1.5,5,152,3,322,1,81,10,Balanced Learner
6,1.5,4,150,3,288,1,80,11,Balanced Learner
5,1.0,4,136,3,257,2,89,10,Balanced Learner
5,1.5,4,175,2,348,1,81,13,Balanced Learner
6,1.5,5,121,2,294,2,86,13,Balanced Learner
6,1.0,4,153,2,352,3,89,12,Balanced Learner
4,1.0,5,130,3,288,1,88,14,Balanced Learner
6,1.5,4,166,2,357,2,86,12,Balanced Learner
5,1.5,5,143,2,312,3,84,15,Balanced Learner
4,1.0,5,137,3,332,3,88,14,Balanced Learner
5,1.5,5,123,3,331,1,87,10,Balanced Learner
6,1.5,5,168,2,264,1,89,11,Balanced Learner
4,1.0,5,144,3,338,3,85,14,Balanced Learner
4,1.5,4,136,3,354,3,90,13,Balanced Learner
6,1.5,5,171,2,319,1,88,14,Balanced Learner
5,1.0,5,121,2,354,2,80,12,Balanced Learner
4,1.0,5,148,2,342,2,83,10,Balanced Learner
6,1.0,4,129,2,320,3,88,14,Balanced Learner
5,1.5,4,127,2,297,3,81,14,Balanced Learner
4,1.0,5,121,2,343,2,87,13,Balanced Learner
4,1.5,5,131,3,262,3,83,12,Balanced Learner
5,1.0,5,177,3,307,1,82,10,Balanced Learner
4,1.0,4,147,3,338,1,85,14,Balanced Learner
5,1.0,4,180,2,354,3,90,13,Balanced Learner
4,1.5,4,136,3,272,1,89,14,Balanced Learner
4,1.5,5,166,3,251,3,84,11,Balanced Learner
6,1.0,5,125,3,280,1,80,14,Balanced Learner
4,1.5,5,126,3,344,2,89,14,Balanced Learner
6,1.5,4,121,2,303,1,89,15,Balanced Learner
4,1.5,4,174,3,246,3,86,13,Balanced Learner
5,1.0,5,160,3,254,2,86,14,Balanced Learner
4,1.5,5,165,3,281,1,85,12,Balanced Learner
5,1.5,4,176,2,281,2,80,14,Balanced Learner
5,1.5,5,140,3,256,1,81,14,Balanced Learner
4,1.5,4,164,3,299,3,81,14,Balanced Learner
5,1.0,4,150,3,297,1,90,15,Balanced Learner
6,1.5,5,153,2,264,2,80,10,Balanced Learner
5,1.5,5,160,2,268,2,86,14,Balanced Learner
4,1.5,5,148,3,320,1,83,14,Balanced Learner
6,1.5,5,121,3,355,1,80,13,Balanced Learner
